2014-09-17,465.860000,468.170000,452.420000,457.330000,21056800
2014-09-18,456.860000,456.860000,413.100000,424.440000,34483200
2014-09-19,424.100000,427.830000,384.530000,394.800000,37919700
2014-09-20,394.670000,423.300000,389.880000,408.900000,36863600
2014-09-21,408.080000,412.430000,393.180000,398.820000,26580100
2014-09-22,399.100000,406.920000,397.130000,402.150000,24127600
2014-09-23,402.090000,441.560000,396.200000,435.790000,45099500
2014-09-24,435.750000,436.110000,421.130000,423.200000,30627700
2014-09-25,423.160000,423.520000,409.470000,411.570000,26814400
2014-09-26,411.430000,414.940000,400.010000,404.420000,21460800
2014-09-27,403.560000,406.620000,397.370000,399.520000,15029300
2014-09-28,399.470000,401.020000,374.330000,377.180000,23613300
2014-09-29,376.930000,385.210000,372.240000,375.470000,32497700
2014-09-30,376.090000,390.980000,373.440000,386.940000,34707300
2014-10-01,387.430000,391.380000,380.780000,383.610000,26229400
2014-10-02,383.990000,385.500000,372.950000,375.070000,21777700
2014-10-03,375.180000,377.700000,357.860000,359.510000,30901200
2014-10-04,359.890000,364.490000,325.890000,328.870000,47236500
2014-10-05,328.920000,341.800000,289.300000,320.510000,83308096
2014-10-06,320.390000,345.130000,302.560000,330.080000,79011800
2014-10-07,330.580000,339.250000,320.480000,336.190000,49199900
2014-10-08,336.120000,354.360000,327.190000,352.940000,54736300
2014-10-09,352.750000,382.730000,347.690000,365.030000,83641104
2014-10-10,364.690000,375.070000,352.960000,361.560000,43665700
2014-10-11,361.360000,367.190000,355.950000,362.300000,13345200
2014-10-12,362.610000,379.430000,356.140000,378.550000,17552800
2014-10-13,377.920000,397.230000,368.900000,390.410000,35221400
2014-10-14,391.690000,411.700000,391.320000,400.870000,38491500
2014-10-15,400.950000,402.230000,388.770000,394.770000,25267100
2014-10-16,394.520000,398.810000,373.070000,382.560000,26990000
2014-10-17,382.760000,385.480000,375.390000,383.760000,13600700
2014-10-18,383.980000,395.160000,378.970000,391.440000,11416800
2014-10-19,391.250000,393.940000,386.460000,389.550000,5914570
2014-10-20,389.230000,390.080000,378.250000,382.850000,16419000
2014-10-21,382.420000,392.650000,380.830000,386.480000,14188900
2014-10-22,386.120000,388.580000,382.250000,383.160000,11641300
2014-10-23,382.960000,385.050000,356.450000,358.420000,26456900
2014-10-24,358.590000,364.350000,353.300000,358.350000,15585700
2014-10-25,358.610000,359.860000,342.880000,347.270000,18127500
2014-10-26,347.490000,359.220000,343.930000,354.700000,11272500
2014-10-27,354.780000,358.630000,349.810000,352.990000,13033000
2014-10-28,353.210000,359.980000,352.680000,357.620000,7845880
2014-10-29,357.090000,357.830000,335.340000,335.590000,18192700
2014-10-30,335.710000,350.910000,335.070000,345.300000,30177900
2014-10-31,345.010000,348.050000,337.140000,338.320000,12545400
2014-11-01,338.650000,340.530000,321.050000,325.750000,16677200
2014-11-02,326.080000,329.050000,320.630000,325.890000,8603620
2014-11-03,325.570000,334.000000,325.480000,327.550000,12948500
2014-11-04,327.160000,331.770000,325.080000,330.490000,15655500
2014-11-05,330.680000,343.370000,330.680000,339.490000,19817200
2014-11-06,339.460000,352.970000,338.420000,349.290000,18797000
2014-11-07,349.820000,352.730000,341.780000,342.420000,16834200
2014-11-08,342.150000,347.030000,342.150000,345.490000,8535470
2014-11-09,345.380000,363.630000,344.260000,363.260000,24205600
2014-11-10,362.270000,374.820000,357.560000,366.920000,30450100
2014-11-11,365.860000,371.310000,363.730000,367.700000,15838900
2014-11-12,367.980000,429.720000,367.980000,423.560000,45783200
2014-11-13,427.270000,457.090000,401.120000,420.730000,58945000
2014-11-14,418.420000,419.250000,384.790000,397.820000,29589200
2014-11-15,399.650000,405.530000,371.010000,376.130000,15727500
2014-11-16,374.730000,390.800000,374.600000,387.880000,11905600
2014-11-17,388.350000,410.200000,377.500000,387.410000,41518800
2014-11-18,387.790000,392.400000,371.120000,375.200000,32222500
2014-11-19,373.900000,386.480000,373.900000,380.550000,18931800
2014-11-20,380.310000,382.020000,356.780000,357.840000,25233200
2014-11-21,357.880000,357.880000,344.110000,350.850000,29850100
2014-11-22,351.600000,364.840000,350.880000,352.920000,15273000
2014-11-23,353.170000,370.850000,353.170000,367.570000,15151600
2014-11-24,366.950000,387.210000,366.670000,376.900000,30930100
2014-11-25,376.890000,394.700000,374.780000,375.350000,25442200
2014-11-26,376.020000,377.700000,365.820000,368.370000,18601700
2014-11-27,370.500000,373.990000,368.280000,369.670000,8748030
2014-11-28,369.370000,382.840000,358.450000,376.450000,22946500
2014-11-29,376.150000,387.600000,372.140000,375.490000,15375600
2014-11-30,375.510000,382.530000,373.310000,378.050000,9194440
2014-12-01,378.250000,383.660000,376.670000,379.240000,11763000
2014-12-02,379.250000,384.040000,377.860000,381.320000,12364100
2014-12-03,381.720000,383.030000,374.350000,375.010000,13340100
2014-12-04,375.720000,378.650000,367.760000,369.600000,14529600
2014-12-05,369.440000,379.190000,365.760000,376.850000,15181800
2014-12-06,376.760000,378.450000,370.950000,374.790000,7009320
2014-12-07,374.840000,376.290000,373.270000,375.100000,6491650
2014-12-08,374.960000,376.030000,361.890000,361.910000,18898700
2014-12-09,361.890000,363.070000,344.950000,352.220000,32915500
2014-12-10,352.200000,352.380000,346.360000,346.360000,16427700
2014-12-11,344.340000,361.360000,338.760000,350.510000,32431300
2014-12-12,350.830000,352.980000,349.290000,352.540000,16989800
2014-12-13,352.380000,352.380000,346.590000,347.380000,11675900
2014-12-14,346.730000,353.320000,345.420000,351.630000,12415200
2014-12-15,351.360000,351.820000,344.930000,345.350000,17264200
2014-12-16,345.670000,345.860000,327.060000,327.060000,30864900
2014-12-17,326.860000,333.950000,315.150000,319.780000,37567900
2014-12-18,319.790000,323.710000,304.230000,311.400000,39173000
2014-12-19,311.180000,318.530000,306.770000,317.840000,23823100
2014-12-20,317.620000,330.330000,316.040000,329.960000,20856700
2014-12-21,329.540000,329.630000,318.900000,320.840000,15207600
2014-12-22,321.070000,334.120000,320.420000,331.890000,22315100
2014-12-23,332.020000,336.290000,329.600000,334.570000,16574200
2014-12-24,334.390000,334.740000,321.360000,322.530000,15092300
2014-12-25,322.290000,322.670000,316.960000,319.010000,9883640
2014-12-26,319.150000,331.420000,316.630000,327.920000,16410500
2014-12-27,327.580000,328.910000,312.630000,315.860000,15185200
2014-12-28,316.160000,320.030000,311.080000,317.240000,11676600
2014-12-29,317.700000,320.270000,312.310000,312.670000,12302500
2014-12-30,312.720000,314.810000,309.370000,310.740000,12528300
2014-12-31,310.910000,320.190000,310.210000,320.190000,13942900
2015-01-01,320.430000,320.430000,314.000000,314.250000,8036550
2015-01-02,314.080000,315.840000,313.570000,315.030000,7860650
2015-01-03,314.850000,315.150000,281.080000,281.080000,33054400
2015-01-04,281.150000,287.230000,257.610000,264.200000,55629100
2015-01-05,265.080000,278.340000,265.080000,274.470000,43962800
2015-01-06,274.610000,287.550000,272.700000,286.190000,23245700
2015-01-07,286.080000,298.750000,283.080000,294.340000,24866800
2015-01-08,294.140000,294.140000,282.170000,283.350000,19982500
2015-01-09,282.380000,291.110000,280.530000,290.410000,18718600
2015-01-10,287.300000,288.130000,273.970000,274.800000,15264300
2015-01-11,274.610000,279.640000,265.040000,265.660000,18200800
2015-01-12,266.150000,272.200000,265.200000,267.800000,18880300
2015-01-13,267.390000,268.280000,219.910000,225.860000,72843904
2015-01-14,223.890000,223.890000,171.510000,178.100000,97638704
2015-01-15,176.900000,229.070000,176.900000,209.840000,81773504
2015-01-16,209.070000,221.590000,199.770000,208.100000,38421000
2015-01-17,207.830000,211.730000,194.880000,199.260000,23469700
2015-01-18,200.050000,218.700000,194.510000,210.340000,30085100
2015-01-19,211.470000,216.730000,207.320000,214.860000,18658300
2015-01-20,212.910000,215.240000,205.150000,211.320000,24051100
2015-01-21,211.380000,227.790000,211.210000,226.900000,29924600
2015-01-22,227.320000,237.020000,226.430000,233.410000,33544600
2015-01-23,233.520000,234.850000,225.200000,232.880000,24621700
2015-01-24,232.700000,248.210000,230.020000,247.850000,24782500
2015-01-25,247.350000,255.070000,243.890000,253.720000,33582700
2015-01-26,254.080000,309.380000,254.080000,273.470000,106794000
2015-01-27,273.170000,275.480000,250.650000,263.480000,44399000
2015-01-28,263.350000,266.540000,227.050000,233.910000,44352200
2015-01-29,233.350000,238.710000,220.710000,233.510000,32213400
2015-01-30,232.770000,242.850000,225.840000,226.430000,26605200
2015-01-31,226.440000,233.500000,216.310000,217.460000,23348200
2015-02-01,216.870000,231.570000,212.010000,226.970000,29128500
2015-02-02,226.490000,242.180000,222.660000,238.230000,30612100
2015-02-03,237.450000,245.960000,224.480000,227.270000,40783700
2015-02-04,227.510000,230.060000,221.110000,226.850000,26594300
2015-02-05,227.660000,239.400000,214.730000,217.110000,22516400
2015-02-06,216.920000,230.510000,216.230000,222.270000,24435300
2015-02-07,222.630000,230.300000,222.610000,227.750000,21604200
2015-02-08,227.690000,229.440000,221.080000,223.410000,17145200
2015-02-09,223.390000,223.980000,217.020000,220.110000,27791300
2015-02-10,220.280000,221.810000,215.330000,219.840000,21115100
2015-02-11,219.730000,223.410000,218.070000,219.180000,17201900
2015-02-12,219.210000,222.200000,217.610000,221.760000,15206200
2015-02-13,221.970000,240.260000,221.260000,235.430000,42744400
2015-02-14,235.530000,259.810000,235.530000,257.320000,49732500
2015-02-15,257.510000,265.610000,227.680000,234.820000,56552400
2015-02-16,234.820000,239.520000,229.020000,233.840000,28153700
2015-02-17,233.420000,245.770000,232.310000,243.610000,27363100
2015-02-18,243.780000,244.250000,232.340000,236.330000,25200800
2015-02-19,236.410000,242.670000,235.590000,240.280000,18270500
2015-02-20,240.250000,247.100000,239.300000,243.780000,23876700
2015-02-21,243.750000,255.320000,243.180000,244.530000,12284200
2015-02-22,244.540000,246.390000,233.850000,235.980000,19527000
2015-02-23,235.990000,240.110000,232.420000,238.890000,16400000
2015-02-24,239.000000,239.900000,236.400000,238.740000,14200400
2015-02-25,238.890000,239.340000,235.530000,237.470000,11496200
2015-02-26,237.340000,237.710000,234.260000,236.430000,13619400
2015-02-27,236.440000,256.650000,236.440000,253.830000,44013900
2015-02-28,253.520000,254.690000,249.480000,254.260000,13949300
2015-03-01,254.280000,261.660000,245.930000,260.200000,25213700
2015-03-02,260.360000,276.300000,258.310000,275.670000,40465700
2015-03-03,275.050000,285.800000,268.160000,281.700000,50461300
2015-03-04,281.990000,284.230000,268.130000,273.090000,41383000
2015-03-05,272.740000,281.670000,264.770000,276.180000,41302400
2015-03-06,275.600000,277.610000,270.020000,272.720000,28918900
2015-03-07,272.290000,277.850000,270.130000,276.260000,17825900
2015-03-08,276.430000,277.860000,272.570000,274.350000,22067900
2015-03-09,274.810000,292.700000,273.890000,289.610000,59178200
2015-03-10,289.860000,300.040000,289.740000,291.760000,67770800
2015-03-11,291.520000,297.390000,290.510000,296.380000,33963900
2015-03-12,296.130000,297.090000,292.410000,294.350000,32585200
2015-03-13,294.120000,294.500000,285.340000,285.340000,31421500
2015-03-14,284.440000,286.340000,280.980000,281.890000,22612300
2015-03-15,281.420000,286.530000,281.000000,286.390000,11970100
2015-03-16,285.680000,294.110000,285.680000,290.590000,21516100
2015-03-17,290.600000,292.360000,284.370000,285.510000,21497200
2015-03-18,285.070000,285.340000,249.870000,256.300000,57008000
2015-03-19,255.880000,264.240000,248.640000,260.930000,52732000
2015-03-20,260.960000,264.850000,259.160000,261.750000,18456700
2015-03-21,261.640000,262.200000,255.650000,260.020000,17130100
2015-03-22,259.920000,269.750000,259.590000,267.960000,18438100
2015-03-23,267.890000,277.300000,261.740000,266.740000,22811900
2015-03-24,266.580000,267.000000,244.150000,245.600000,40073700
2015-03-25,247.470000,249.190000,236.510000,246.200000,35866900
2015-03-26,246.280000,254.350000,244.900000,248.530000,25730000
2015-03-27,248.570000,256.810000,245.210000,247.030000,17274900
2015-03-28,246.980000,254.210000,246.980000,252.800000,16040900
2015-03-29,252.740000,253.140000,240.850000,242.710000,21699400
2015-03-30,242.880000,249.240000,239.210000,247.530000,23009600
2015-03-31,247.450000,248.730000,242.740000,244.220000,22672000
2015-04-01,244.220000,247.540000,241.160000,247.270000,22877200
2015-04-02,247.090000,254.460000,245.420000,253.010000,26272600
2015-04-03,253.070000,256.040000,251.880000,254.320000,23146600
2015-04-04,254.290000,255.260000,251.100000,253.700000,12493500
2015-04-05,253.760000,260.670000,251.940000,260.600000,19649200
2015-04-06,260.720000,261.800000,254.570000,255.490000,20034200
2015-04-07,255.270000,255.800000,252.210000,253.180000,18467400
2015-04-08,253.060000,253.850000,244.210000,245.020000,30086400
2015-04-09,244.750000,246.120000,239.400000,243.680000,21643500
2015-04-10,243.690000,243.690000,232.770000,236.070000,28882000
2015-04-11,236.020000,239.540000,234.180000,236.550000,16365200
2015-04-12,236.540000,237.730000,233.490000,236.150000,12387900
2015-04-13,235.950000,236.930000,222.000000,224.590000,31181800
2015-04-14,224.760000,224.980000,216.320000,219.160000,31719000
2015-04-15,219.070000,223.830000,218.650000,223.830000,22562000
2015-04-16,223.920000,229.670000,223.920000,228.570000,24805400
2015-04-17,228.570000,228.910000,221.940000,222.880000,20429800
2015-04-18,222.850000,224.320000,220.880000,223.360000,12939000
2015-04-19,223.460000,226.350000,222.370000,222.600000,15021500
2015-04-20,222.610000,226.350000,221.980000,224.630000,18364700
2015-04-21,224.620000,235.270000,224.300000,235.270000,24978000
2015-04-22,235.600000,237.910000,233.480000,234.180000,23847900
2015-04-23,234.050000,236.480000,233.200000,236.460000,17036000
2015-04-24,235.970000,236.300000,229.930000,231.270000,21448700
2015-04-25,231.240000,232.560000,226.340000,226.390000,13957200
2015-04-26,226.410000,226.940000,214.870000,219.430000,28943700
2015-04-27,219.430000,233.300000,218.020000,229.290000,38574000
2015-04-28,228.970000,229.490000,223.070000,225.850000,21469200
2015-04-29,225.590000,227.040000,223.430000,225.810000,18936500
2015-04-30,225.690000,239.560000,224.990000,236.150000,33818600
2015-05-01,235.940000,238.970000,232.080000,232.080000,18815300
2015-05-02,232.340000,235.730000,232.340000,234.930000,12535500
2015-05-03,234.880000,243.240000,234.080000,240.360000,18494100
2015-05-04,240.360000,242.640000,237.810000,239.020000,21223400
2015-05-05,238.850000,239.200000,232.050000,236.120000,23929100
2015-05-06,236.250000,236.450000,229.230000,229.780000,29587200
2015-05-07,229.660000,239.100000,228.570000,237.330000,29064400
2015-05-08,237.200000,246.270000,236.270000,243.860000,27445500
2015-05-09,243.770000,247.800000,239.640000,241.830000,19790500
2015-05-10,241.730000,244.070000,238.850000,240.300000,15019100
2015-05-11,240.300000,244.270000,239.380000,242.160000,20892300
2015-05-12,242.150000,242.880000,240.100000,241.110000,19282600
2015-05-13,241.400000,243.700000,235.040000,236.380000,27180100
2015-05-14,236.210000,237.800000,234.060000,236.930000,24413700
2015-05-15,236.960000,238.750000,236.790000,237.600000,16329400
2015-05-16,237.640000,237.700000,235.290000,236.150000,11089700
2015-05-17,236.010000,238.020000,236.010000,236.800000,11134300
2015-05-18,236.890000,237.210000,232.460000,233.130000,16780300
2015-05-19,233.040000,234.150000,231.820000,231.950000,14241900
2015-05-20,231.890000,234.680000,231.840000,234.020000,15499400
2015-05-21,234.020000,236.240000,233.840000,235.340000,15108900
2015-05-22,235.320000,240.970000,235.060000,240.350000,27003000
2015-05-23,240.290000,241.020000,238.690000,238.870000,14605000
2015-05-24,238.980000,241.980000,238.810000,240.950000,11508000
2015-05-25,240.930000,241.020000,236.640000,237.110000,14423900
2015-05-26,237.100000,238.240000,235.690000,237.120000,16425000
2015-05-27,237.070000,238.640000,236.700000,237.280000,18837000
2015-05-28,237.260000,237.820000,236.650000,237.410000,13829600
2015-05-29,237.380000,237.520000,235.730000,237.100000,14805000
2015-05-30,237.090000,237.090000,232.050000,233.350000,14098600
2015-05-31,233.130000,233.250000,229.540000,230.190000,14730800
2015-06-01,230.230000,231.710000,221.300000,222.930000,26090500
2015-06-02,222.890000,226.420000,222.420000,225.800000,20459000
2015-06-03,225.740000,227.400000,223.930000,225.870000,17752400
2015-06-04,225.770000,226.580000,224.050000,224.320000,14728100
2015-06-05,224.150000,225.970000,223.180000,224.950000,18056500
2015-06-06,225.010000,225.720000,224.380000,225.620000,11131500
2015-06-07,225.600000,226.190000,222.650000,222.880000,13318400
2015-06-08,222.880000,229.460000,222.840000,228.490000,23378400
2015-06-09,228.540000,230.950000,227.930000,229.050000,28353100
2015-06-10,228.990000,229.780000,228.010000,228.800000,15904800
2015-06-11,228.850000,230.290000,228.770000,229.710000,14416000
2015-06-12,229.710000,231.060000,229.310000,229.980000,14017700
2015-06-13,229.920000,232.650000,229.210000,232.400000,13305300
2015-06-14,232.440000,234.860000,232.000000,233.540000,12165900
2015-06-15,233.420000,237.840000,233.420000,236.820000,19912100
2015-06-16,236.760000,251.740000,236.120000,250.900000,41612000
2015-06-17,250.820000,256.850000,246.480000,249.280000,43858400
2015-06-18,249.430000,252.110000,244.130000,249.010000,30980200
2015-06-19,249.040000,250.980000,243.790000,244.610000,23965300
2015-06-20,244.530000,245.830000,240.630000,245.210000,20608100
2015-06-21,245.100000,245.220000,241.880000,243.940000,10600900
2015-06-22,243.970000,247.920000,243.780000,246.990000,17692500
2015-06-23,246.930000,247.300000,243.130000,244.300000,15108700
2015-06-24,244.280000,244.340000,240.510000,240.510000,17344900
2015-06-25,240.370000,243.330000,240.370000,242.800000,16133100
2015-06-26,242.600000,243.750000,241.550000,243.590000,13983500
2015-06-27,243.550000,251.340000,243.120000,250.990000,20488600
2015-06-28,250.960000,251.170000,247.430000,249.010000,15137600
2015-06-29,248.720000,257.170000,248.580000,257.060000,34742900
2015-06-30,257.040000,267.870000,255.950000,263.070000,44533800
2015-07-01,263.350000,265.170000,255.770000,258.620000,27029800
2015-07-02,258.550000,261.630000,254.120000,255.410000,21551900
2015-07-03,255.460000,257.080000,253.510000,256.340000,19033800
2015-07-04,256.490000,261.460000,254.200000,260.890000,15620400
2015-07-05,260.800000,274.510000,258.700000,271.910000,44156100
2015-07-06,271.110000,277.420000,267.600000,269.030000,49154800
2015-07-07,269.960000,271.340000,264.830000,266.210000,28857600
2015-07-08,265.980000,272.970000,264.390000,270.790000,36980200
2015-07-09,270.830000,272.330000,267.090000,269.230000,40301200
2015-07-10,269.160000,294.590000,268.800000,284.890000,100390000
2015-07-11,284.880000,298.510000,283.530000,293.110000,41109900
2015-07-12,293.140000,314.390000,292.510000,310.870000,56405000
2015-07-13,310.830000,310.950000,281.010000,292.050000,62053900
2015-07-14,292.030000,296.150000,286.640000,287.460000,28727200
2015-07-15,288.050000,293.250000,285.370000,285.830000,27486600
2015-07-16,286.040000,291.180000,275.240000,278.090000,49482600
2015-07-17,278.090000,280.280000,272.040000,279.470000,27591400
2015-07-18,279.330000,282.530000,274.080000,274.900000,25187100
2015-07-19,274.770000,275.670000,272.510000,273.610000,15332500
2015-07-20,273.500000,278.980000,272.960000,278.980000,22711400
2015-07-21,278.880000,280.550000,275.420000,275.830000,22930700
2015-07-22,275.660000,277.670000,274.380000,277.220000,19389800
2015-07-23,277.340000,278.110000,275.720000,276.050000,18531300
2015-07-24,276.010000,289.250000,275.250000,288.280000,37199400
2015-07-25,288.160000,290.730000,286.000000,288.700000,20662200
2015-07-26,288.640000,293.050000,287.710000,292.690000,16032300
2015-07-27,292.640000,297.770000,287.450000,293.620000,30592000
2015-07-28,293.630000,296.650000,293.420000,294.430000,25453600
2015-07-29,294.480000,294.540000,288.780000,289.590000,24672600
2015-07-30,289.100000,290.130000,286.570000,287.720000,21635800
2015-07-31,287.700000,288.960000,282.340000,284.650000,23629100
2015-08-01,284.690000,284.930000,278.110000,281.600000,18995000
2015-08-02,280.450000,283.030000,277.530000,282.610000,17722200
2015-08-03,282.810000,285.470000,280.230000,281.230000,21474100
2015-08-04,281.230000,285.710000,281.230000,285.220000,21908700
2015-08-05,284.850000,285.500000,281.490000,281.880000,20128000
2015-08-06,281.910000,281.910000,278.400000,278.580000,18792100
2015-08-07,278.740000,280.390000,276.370000,279.580000,42484800
2015-08-08,279.740000,279.930000,260.710000,261.000000,58533000
2015-08-09,261.120000,267.000000,260.470000,265.080000,23789600
2015-08-10,265.480000,267.030000,262.600000,264.470000,20979400
2015-08-11,264.340000,270.390000,264.090000,270.390000,25433900
2015-08-12,270.600000,270.670000,265.470000,266.380000,26815400
2015-08-13,266.180000,266.230000,262.840000,264.080000,27685500
2015-08-14,264.130000,267.470000,261.480000,265.680000,27091200
2015-08-15,265.530000,266.670000,261.300000,261.550000,19321100
2015-08-16,261.870000,262.440000,257.040000,258.510000,29717000
2015-08-17,258.490000,260.510000,257.120000,257.980000,21617900
2015-08-18,257.930000,257.990000,211.080000,211.080000,42147200
2015-08-19,225.670000,237.410000,222.770000,226.680000,60869200
2015-08-20,226.900000,237.370000,226.900000,235.350000,32275000
2015-08-21,235.350000,236.430000,231.720000,232.570000,23173800
2015-08-22,232.660000,234.960000,222.700000,230.390000,23205900
2015-08-23,230.380000,232.710000,225.580000,228.170000,18406600
2015-08-24,228.110000,228.140000,210.440000,210.490000,59220700
2015-08-25,210.070000,226.320000,199.570000,221.610000,61089200
2015-08-26,222.080000,231.180000,220.200000,225.830000,31808000
2015-08-27,226.050000,228.640000,223.680000,224.770000,21905400
2015-08-28,224.700000,235.220000,220.930000,231.400000,31336600
2015-08-29,231.550000,233.220000,227.330000,229.780000,17142500
2015-08-30,229.900000,232.070000,226.250000,228.760000,19412600
2015-08-31,229.110000,231.960000,225.910000,230.060000,20710700
2015-09-01,230.260000,231.220000,226.860000,228.120000,20575200
2015-09-02,228.030000,230.580000,226.480000,229.280000,18760400
2015-09-03,229.320000,229.600000,226.670000,227.180000,17482000
2015-09-04,227.210000,230.900000,227.050000,230.300000,20962400
2015-09-05,230.200000,236.140000,229.440000,235.020000,20671400
2015-09-06,234.870000,242.910000,234.680000,239.840000,25473700
2015-09-07,239.930000,242.110000,238.720000,239.850000,21192200
2015-09-08,239.850000,245.780000,239.680000,243.610000,26879200
2015-09-09,243.410000,244.420000,237.820000,238.170000,23635700
2015-09-10,238.340000,241.290000,235.790000,238.480000,21215500
2015-09-11,238.330000,241.170000,238.330000,240.110000,19224700
2015-09-12,239.850000,240.120000,234.750000,235.230000,17962600
2015-09-13,235.240000,235.930000,229.330000,230.510000,18478800
2015-09-14,230.610000,232.440000,227.960000,230.640000,20997800
2015-09-15,230.490000,259.180000,229.820000,230.300000,19177800
2015-09-16,230.250000,231.210000,227.400000,229.090000,20144200
2015-09-17,229.080000,230.290000,228.930000,229.810000,18935400
2015-09-18,233.520000,234.350000,232.180000,232.980000,20242200
2015-09-19,232.860000,233.210000,231.090000,231.490000,12712600
2015-09-20,231.400000,232.370000,230.910000,231.210000,14444700
2015-09-21,231.220000,231.220000,226.520000,227.090000,19678800
2015-09-22,226.970000,232.390000,225.120000,230.620000,25009300
2015-09-23,230.940000,231.840000,229.590000,230.280000,17254100
2015-09-24,230.360000,235.650000,230.290000,234.530000,25097800
2015-09-25,234.360000,237.430000,233.680000,235.140000,22363600
2015-09-26,235.080000,235.400000,233.360000,234.340000,13724100
2015-09-27,234.140000,234.530000,232.480000,232.760000,14179900
2015-09-28,232.840000,239.340000,232.470000,239.140000,24713000
2015-09-29,239.020000,239.800000,235.930000,236.690000,22691300
2015-09-30,236.640000,237.730000,235.630000,236.060000,19743500
2015-10-01,236.000000,238.450000,235.620000,237.550000,20488800
2015-10-02,237.260000,238.540000,236.600000,237.290000,19677900
2015-10-03,237.200000,239.320000,236.940000,238.730000,16482700
2015-10-04,238.530000,238.970000,237.940000,238.260000,12999000
2015-10-05,238.150000,240.380000,237.040000,240.380000,23335900
2015-10-06,240.360000,246.930000,240.140000,246.060000,27535100
2015-10-07,246.170000,246.680000,242.590000,242.970000,22999200
2015-10-08,243.070000,244.250000,242.180000,242.300000,18515300
2015-10-09,242.500000,244.230000,242.120000,243.930000,17353100
2015-10-10,243.740000,245.320000,243.070000,244.940000,15912700
2015-10-11,244.740000,247.240000,244.150000,247.050000,16827300
2015-10-12,246.880000,247.450000,245.180000,245.310000,17388300
2015-10-13,245.200000,250.240000,243.760000,249.510000,28198500
2015-10-14,249.490000,254.270000,248.900000,251.990000,27462600
2015-10-15,252.110000,255.960000,252.050000,254.320000,25223500
2015-10-16,254.300000,266.140000,253.930000,262.870000,35901500
2015-10-17,262.750000,273.580000,262.370000,270.640000,43199600
2015-10-18,270.910000,271.670000,260.780000,261.640000,22434300
2015-10-19,261.860000,264.820000,260.950000,263.440000,25258800
2015-10-20,263.570000,270.830000,263.230000,269.460000,30889800
2015-10-21,269.310000,270.770000,263.840000,266.270000,25637300
2015-10-22,266.500000,276.510000,266.140000,274.020000,37808600
2015-10-23,273.650000,278.680000,273.540000,276.500000,29442500
2015-10-24,276.500000,281.710000,276.500000,281.650000,25942400
2015-10-25,281.450000,294.060000,281.450000,283.680000,45717100
2015-10-26,283.630000,285.300000,280.510000,285.300000,32108800
2015-10-27,285.180000,296.210000,285.010000,293.790000,46331800
2015-10-28,293.700000,306.330000,293.700000,304.620000,50808100
2015-10-29,304.320000,318.170000,301.820000,313.860000,64495900
2015-10-30,313.940000,334.170000,313.940000,328.020000,78305000
2015-10-31,328.510000,332.780000,309.250000,314.170000,48598100
2015-11-01,315.010000,327.470000,311.880000,325.430000,37001100
2015-11-02,325.940000,365.360000,323.210000,361.190000,101918000
2015-11-03,361.870000,417.900000,357.650000,403.420000,206162000
2015-11-04,403.660000,495.560000,380.550000,411.560000,263900000
2015-11-05,408.080000,447.560000,374.580000,386.350000,151824992
2015-11-06,388.050000,395.840000,354.020000,374.470000,122687000
2015-11-07,374.270000,390.590000,372.430000,386.480000,56625100
2015-11-08,384.280000,389.890000,368.700000,373.370000,51817600
2015-11-09,374.320000,385.280000,362.890000,380.260000,68224400
2015-11-10,379.980000,381.390000,329.110000,336.820000,95797904
2015-11-11,339.820000,340.580000,301.000000,311.080000,107070000
2015-11-12,314.080000,345.080000,313.360000,338.150000,78477800
2015-11-13,338.500000,340.910000,326.080000,336.750000,52003000
2015-11-14,336.620000,338.180000,329.970000,332.910000,38612000
2015-11-15,333.050000,334.660000,317.490000,320.170000,44213100
2015-11-16,319.730000,331.630000,315.900000,330.750000,47980100
2015-11-17,330.360000,338.350000,329.610000,335.090000,51001600
2015-11-18,334.590000,336.530000,330.640000,334.590000,43783800
2015-11-19,334.680000,335.330000,325.270000,326.150000,45011100
2015-11-20,326.410000,326.470000,312.220000,322.020000,53152900
2015-11-21,322.090000,328.160000,319.600000,326.930000,28200500
2015-11-22,326.980000,327.010000,321.260000,324.540000,23439400
2015-11-23,324.350000,325.120000,321.290000,323.050000,27478900
2015-11-24,323.010000,323.060000,318.120000,320.050000,29362600
2015-11-25,320.050000,329.130000,316.770000,328.210000,41666900
2015-11-26,328.300000,366.760000,328.230000,352.680000,106105000
2015-11-27,351.860000,363.590000,347.870000,358.040000,55179100
2015-11-28,357.140000,359.540000,352.170000,357.380000,36816600
2015-11-29,357.470000,371.940000,355.670000,371.290000,40409300
2015-11-30,371.440000,382.360000,370.380000,377.320000,71701600
2015-12-01,377.410000,378.930000,356.560000,362.490000,60452200
2015-12-02,361.850000,362.230000,349.460000,359.190000,54160500
2015-12-03,359.330000,370.270000,357.410000,361.050000,50714900
2015-12-04,361.260000,363.520000,355.760000,363.180000,35784100
2015-12-05,363.720000,389.790000,363.230000,388.950000,66282200
2015-12-06,389.550000,402.810000,387.090000,388.780000,77762000
2015-12-07,389.980000,399.970000,385.410000,395.540000,63455800
2015-12-08,395.750000,415.560000,389.950000,415.560000,57801400
2015-12-09,414.440000,423.120000,406.290000,417.560000,90917200
2015-12-10,417.990000,419.510000,411.550000,415.480000,52138900
2015-12-11,415.280000,451.940000,415.280000,451.940000,110944000
2015-12-12,452.330000,469.100000,410.740000,435.000000,131969000
2015-12-13,431.660000,441.680000,426.270000,433.760000,55050600
2015-12-14,433.270000,447.140000,430.460000,444.180000,130496000
2015-12-15,443.880000,465.320000,443.880000,465.320000,83121104
2015-12-16,465.210000,465.210000,443.850000,454.930000,107944000
2015-12-17,454.780000,457.860000,448.860000,456.080000,47978400
2015-12-18,455.850000,465.180000,454.940000,463.620000,60220100
2015-12-19,463.550000,465.580000,456.770000,462.320000,47892700
2015-12-20,462.230000,462.640000,434.340000,442.680000,75409400
2015-12-21,442.840000,444.730000,427.310000,438.640000,77639696
2015-12-22,437.440000,443.690000,435.520000,436.570000,50840400
2015-12-23,436.720000,444.530000,436.620000,442.400000,47161400
2015-12-24,443.090000,458.460000,443.080000,454.980000,57157200
2015-12-25,454.860000,458.300000,452.080000,455.650000,39078500
2015-12-26,455.760000,457.490000,405.760000,417.270000,116166000
2015-12-27,416.510000,424.010000,408.880000,422.820000,53591200
2015-12-28,423.340000,429.770000,418.480000,422.280000,49638600
2015-12-29,422.100000,432.980000,420.630000,432.980000,51596500
2015-12-30,433.300000,434.390000,422.080000,426.620000,46889400
2015-12-31,425.880000,432.920000,418.730000,430.570000,45996600
2016-01-01,430.720000,436.250000,427.520000,434.330000,36278900
2016-01-02,434.620000,436.060000,431.870000,433.440000,30096600
2016-01-03,433.580000,433.740000,424.710000,430.010000,39633800
2016-01-04,430.060000,434.520000,429.080000,433.090000,38477500
2016-01-05,433.070000,434.180000,429.680000,431.960000,34522600
2016-01-06,431.860000,431.860000,426.340000,429.110000,34042500
2016-01-07,430.010000,458.770000,429.080000,458.050000,87562200
2016-01-08,457.540000,462.930000,447.940000,453.230000,56993000
2016-01-09,453.380000,454.640000,446.890000,447.610000,32278000
2016-01-10,448.240000,448.310000,440.350000,447.990000,35995900
2016-01-11,448.700000,450.660000,443.860000,448.430000,40450000
2016-01-12,448.180000,448.180000,435.690000,435.690000,115607000
2016-01-13,434.670000,435.190000,424.440000,432.370000,173888000
2016-01-14,432.290000,433.320000,427.850000,430.310000,43945500
2016-01-15,430.260000,430.260000,364.330000,364.330000,153351008
2016-01-16,365.070000,390.560000,354.910000,387.540000,120352000
2016-01-17,387.150000,390.960000,380.090000,382.300000,45319600
2016-01-18,381.730000,388.100000,376.670000,387.170000,54403900
2016-01-19,387.030000,387.730000,378.970000,380.150000,46819800
2016-01-20,379.740000,425.270000,376.600000,420.230000,121720000
2016-01-21,419.630000,422.880000,406.300000,410.260000,68338000
2016-01-22,409.750000,410.410000,375.280000,382.490000,91546600
2016-01-23,382.430000,394.540000,381.980000,387.490000,56247400
2016-01-24,388.100000,405.480000,387.510000,402.970000,54824800
2016-01-25,402.320000,402.320000,388.550000,391.730000,59062400
2016-01-26,392.000000,397.770000,390.580000,392.150000,58147000
2016-01-27,392.440000,396.840000,391.780000,394.970000,47424400
2016-01-28,395.150000,395.500000,379.730000,380.290000,59247900
2016-01-29,380.110000,384.380000,365.450000,379.470000,86125296
2016-01-30,378.860000,380.920000,376.490000,378.260000,30284400
2016-01-31,378.290000,380.350000,367.830000,368.770000,37894300
2016-02-01,369.350000,378.070000,367.960000,373.060000,51656700
2016-02-02,372.920000,375.880000,372.920000,374.450000,40378700
2016-02-03,374.650000,374.950000,368.050000,369.950000,45933400
2016-02-04,370.170000,391.610000,369.990000,389.590000,69285504
2016-02-05,388.900000,391.090000,385.570000,386.550000,43825000
2016-02-06,386.590000,386.630000,372.390000,376.520000,49249300
2016-02-07,376.510000,380.870000,374.900000,376.620000,37076300
2016-02-08,376.760000,379.880000,373.330000,373.450000,47671100
2016-02-09,373.420000,377.250000,372.900000,376.030000,55318500
2016-02-10,376.150000,385.480000,375.780000,381.650000,85130896
2016-02-11,382.110000,383.130000,376.400000,379.650000,74375600
2016-02-12,379.690000,384.950000,379.600000,384.260000,67042800
2016-02-13,384.640000,391.860000,384.640000,391.860000,61911700
2016-02-14,392.930000,407.230000,392.930000,407.230000,74469800
2016-02-15,407.570000,410.380000,397.750000,400.180000,74070496
2016-02-16,401.430000,408.950000,401.430000,407.490000,73093104
2016-02-17,407.660000,421.170000,406.780000,416.320000,83193600
2016-02-18,416.570000,426.000000,415.640000,422.370000,76752600
2016-02-19,422.730000,423.100000,417.600000,420.790000,55711300
2016-02-20,421.600000,441.980000,421.600000,437.160000,93992096
2016-02-21,437.770000,448.050000,429.080000,438.800000,89820704
2016-02-22,438.990000,439.050000,432.920000,437.750000,85385200
2016-02-23,438.260000,439.860000,417.820000,420.740000,85244896
2016-02-24,420.960000,425.550000,413.910000,424.950000,67743696
2016-02-25,425.040000,427.720000,420.420000,424.540000,70798000
2016-02-26,424.630000,432.150000,421.620000,432.150000,61486000
2016-02-27,432.840000,434.230000,428.100000,432.520000,41893600
2016-02-28,432.570000,435.680000,423.820000,433.500000,53033400
2016-02-29,433.440000,441.510000,431.690000,437.700000,60694700
2016-03-01,437.920000,439.650000,432.320000,435.120000,74895800
2016-03-02,435.130000,435.920000,423.990000,423.990000,74955296
2016-03-03,423.910000,425.370000,419.410000,421.650000,100484000
2016-03-04,421.840000,425.180000,410.940000,410.940000,90856096
2016-03-05,410.780000,411.260000,394.040000,400.570000,135384992
2016-03-06,400.520000,411.910000,395.780000,407.710000,91212496
2016-03-07,407.760000,415.920000,406.310000,414.320000,85762400
2016-03-08,414.460000,416.240000,411.090000,413.970000,70311696
2016-03-09,413.890000,416.030000,411.610000,414.860000,70012304
2016-03-10,414.740000,417.510000,413.250000,417.130000,81022896
2016-03-11,417.240000,423.930000,417.010000,421.690000,73969696
2016-03-12,421.610000,421.800000,410.090000,411.620000,92712896
2016-03-13,411.650000,416.600000,411.640000,414.070000,74322800
2016-03-14,414.200000,416.680000,414.200000,416.440000,95259400
2016-03-15,416.390000,418.130000,414.980000,416.830000,66781700
2016-03-16,416.890000,417.690000,415.910000,417.010000,65185800
2016-03-17,417.890000,421.000000,417.890000,420.620000,83528600
2016-03-18,420.550000,420.550000,406.140000,409.550000,104940000
2016-03-19,409.270000,410.980000,407.230000,410.440000,58423000
2016-03-20,410.400000,414.620000,410.400000,413.760000,45947900
2016-03-21,413.420000,413.420000,410.380000,413.310000,61655400
2016-03-22,413.130000,418.380000,412.530000,418.090000,66813300
2016-03-23,418.160000,419.270000,417.360000,418.040000,61444200
2016-03-24,418.420000,418.680000,415.490000,416.390000,68346704
2016-03-25,416.510000,418.080000,415.560000,417.180000,52560000
2016-03-26,417.360000,418.990000,416.260000,417.950000,44650400
2016-03-27,418.140000,428.800000,417.710000,426.770000,71229400
2016-03-28,426.550000,426.860000,423.290000,424.230000,68522800
2016-03-29,424.300000,426.200000,412.680000,416.520000,75411504
2016-03-30,416.830000,416.830000,412.500000,414.820000,66034100
2016-03-31,415.260000,418.370000,415.260000,416.730000,60215200
2016-04-01,416.760000,418.170000,415.830000,417.960000,51235700
2016-04-02,418.420000,422.080000,418.420000,420.870000,45681200
2016-04-03,421.170000,421.580000,419.700000,420.900000,38053700
2016-04-04,421.300000,422.340000,419.600000,421.440000,50634300
2016-04-05,421.020000,424.260000,420.610000,424.030000,60718000
2016-04-06,424.280000,424.530000,422.730000,423.410000,59091000
2016-04-07,423.620000,423.660000,420.520000,422.740000,57858600
2016-04-08,422.910000,425.360000,419.640000,420.350000,63454700
2016-04-09,420.810000,420.890000,416.520000,419.410000,49792700
2016-04-10,419.590000,422.430000,419.260000,421.560000,73478600
2016-04-11,421.870000,422.740000,420.530000,422.480000,50747500
2016-04-12,422.840000,427.280000,422.840000,425.190000,70728800
2016-04-13,425.630000,426.660000,422.920000,423.730000,69060400
2016-04-14,423.930000,425.370000,423.010000,424.280000,45281000
2016-04-15,424.430000,429.930000,424.430000,429.710000,54801500
2016-04-16,429.580000,432.620000,428.980000,430.570000,39392800
2016-04-17,430.640000,431.370000,426.080000,427.400000,52125900
2016-04-18,427.610000,429.270000,427.090000,428.590000,55670900
2016-04-19,428.700000,436.020000,428.100000,435.510000,52810500
2016-04-20,435.320000,443.050000,434.410000,441.390000,72890096
2016-04-21,441.420000,450.550000,440.950000,449.420000,68204704
2016-04-22,449.690000,449.810000,444.150000,445.740000,58804400
2016-04-23,445.860000,450.280000,444.330000,450.280000,50485400
2016-04-24,450.560000,460.150000,448.930000,458.550000,68198400
2016-04-25,459.120000,466.620000,453.590000,461.430000,87091800
2016-04-26,461.650000,467.960000,461.620000,466.090000,78971904
2016-04-27,466.260000,467.080000,444.130000,444.690000,93564896
2016-04-28,445.040000,449.550000,436.650000,449.010000,74064704
2016-04-29,449.410000,455.380000,446.020000,455.100000,49258500
2016-04-30,455.180000,455.590000,447.700000,448.320000,69322600
2016-05-01,448.480000,452.480000,447.930000,451.880000,40660100
2016-05-02,451.930000,452.450000,441.780000,444.670000,92127000
2016-05-03,444.730000,451.100000,442.620000,450.300000,59366400
2016-05-04,450.180000,450.380000,445.630000,446.720000,50407300
2016-05-05,446.710000,448.510000,445.880000,447.980000,50440800
2016-05-06,447.940000,461.380000,447.070000,459.600000,72796800
2016-05-07,459.640000,460.670000,457.320000,458.540000,38364500
2016-05-08,458.430000,459.420000,455.980000,458.550000,40315000
2016-05-09,458.210000,462.480000,456.530000,460.480000,55493100
2016-05-10,460.520000,461.930000,448.950000,450.890000,58956100
2016-05-11,450.860000,454.580000,450.860000,452.730000,50605200
2016-05-12,452.450000,454.950000,449.250000,454.770000,59849300
2016-05-13,454.850000,457.050000,453.450000,455.670000,60845000
2016-05-14,455.820000,456.840000,454.790000,455.670000,37209000
2016-05-15,455.760000,458.690000,455.460000,457.570000,28514000
2016-05-16,457.590000,458.200000,452.950000,454.160000,59171500
2016-05-17,454.010000,455.070000,453.610000,453.780000,64100300
2016-05-18,453.690000,456.000000,453.300000,454.620000,86850096
2016-05-19,454.520000,454.630000,438.710000,438.710000,96027400
2016-05-20,437.790000,444.050000,437.390000,442.680000,81987904
2016-05-21,442.970000,443.780000,441.710000,443.190000,42762300
2016-05-22,443.220000,443.430000,439.040000,439.320000,39657600
2016-05-23,439.350000,444.350000,438.820000,444.150000,50582500
2016-05-24,444.290000,447.100000,443.930000,445.980000,65783100
2016-05-25,446.060000,450.300000,446.060000,449.600000,65231000
2016-05-26,449.670000,453.640000,447.900000,453.380000,65203800
2016-05-27,453.520000,478.150000,453.520000,473.460000,164780992
2016-05-28,473.030000,533.470000,472.700000,530.040000,181199008
2016-05-29,527.480000,553.960000,512.180000,526.230000,148736992
2016-05-30,528.470000,544.350000,522.960000,533.860000,87958704
2016-05-31,534.190000,546.620000,520.660000,531.390000,138450000
2016-06-01,531.110000,543.080000,525.640000,536.920000,86061800
2016-06-02,536.520000,540.350000,533.080000,537.970000,60378200
2016-06-03,537.680000,574.640000,536.920000,569.190000,122020000
2016-06-04,569.710000,590.130000,564.240000,572.730000,94925296
2016-06-05,573.310000,582.810000,569.180000,574.980000,68874096
2016-06-06,574.600000,586.470000,574.600000,585.540000,72138896
2016-06-07,585.450000,590.260000,567.510000,576.600000,107770000
2016-06-08,577.170000,582.840000,573.130000,581.650000,80265800
2016-06-09,582.200000,582.200000,570.950000,574.630000,71301000
2016-06-10,575.840000,579.130000,573.330000,577.470000,66991900
2016-06-11,578.670000,607.120000,578.670000,606.730000,82357000
2016-06-12,609.680000,684.840000,607.040000,672.780000,277084992
2016-06-13,671.650000,716.000000,664.490000,704.380000,243295008
2016-06-14,704.500000,704.500000,662.800000,685.560000,186694000
2016-06-15,685.680000,696.300000,672.560000,694.470000,99223800
2016-06-16,696.520000,773.720000,696.520000,766.310000,271633984
2016-06-17,768.490000,775.360000,716.560000,748.910000,363320992
2016-06-18,748.760000,777.990000,733.930000,756.230000,252718000
2016-06-19,756.690000,766.620000,745.630000,763.780000,136184992
2016-06-20,763.930000,764.080000,732.730000,737.230000,174511008
2016-06-21,735.880000,735.880000,639.070000,666.650000,309944000
2016-06-22,665.910000,678.670000,587.480000,596.120000,266392992
2016-06-23,597.440000,629.330000,558.140000,623.980000,253462000
2016-06-24,625.580000,681.730000,625.270000,665.300000,224316992
2016-06-25,665.280000,691.730000,646.560000,665.120000,126656000
2016-06-26,665.930000,665.980000,616.930000,629.370000,109225000
2016-06-27,629.350000,655.280000,620.520000,655.280000,122134000
2016-06-28,658.100000,659.250000,637.770000,647.000000,138384992
2016-06-29,644.120000,644.680000,628.280000,639.890000,142456000
2016-06-30,640.590000,675.400000,636.610000,673.340000,138980000
2016-07-01,672.520000,686.150000,669.590000,676.300000,134431008
2016-07-02,676.730000,703.700000,676.400000,703.700000,112354000
2016-07-03,704.970000,704.970000,649.010000,658.660000,129512000
2016-07-04,658.800000,683.660000,650.510000,683.660000,92008400
2016-07-05,683.210000,683.490000,665.070000,670.630000,130476000
2016-07-06,670.420000,681.900000,670.420000,677.330000,134960992
2016-07-07,678.090000,682.430000,611.830000,640.560000,258091008
2016-07-08,640.690000,666.710000,636.470000,666.520000,141970000
2016-07-09,666.380000,666.380000,633.400000,650.960000,180536000
2016-07-10,650.600000,652.290000,641.260000,649.360000,102532000
2016-07-11,648.480000,659.630000,644.980000,647.660000,107910000
2016-07-12,648.280000,675.260000,646.780000,664.550000,138172992
2016-07-13,664.800000,668.700000,654.470000,654.470000,131449000
2016-07-14,652.920000,662.900000,652.920000,658.080000,98511400
2016-07-15,659.170000,667.080000,659.040000,663.260000,81673104
2016-07-16,663.780000,666.460000,659.330000,660.770000,50330200
2016-07-17,661.990000,682.360000,661.990000,679.460000,74407904
2016-07-18,679.810000,681.550000,668.620000,673.110000,69465000
2016-07-19,672.740000,673.280000,667.630000,672.860000,61203300
2016-07-20,672.810000,672.930000,663.360000,665.680000,94636400
2016-07-21,665.230000,666.220000,660.410000,665.010000,60491800
2016-07-22,664.920000,666.580000,646.720000,650.620000,134169000
2016-07-23,650.730000,656.370000,648.520000,655.560000,69532200
2016-07-24,655.410000,663.110000,652.790000,661.280000,118184000
2016-07-25,661.260000,661.830000,653.400000,654.100000,78176496
2016-07-26,654.230000,656.220000,645.880000,651.780000,225135008
2016-07-27,651.630000,657.460000,648.450000,654.350000,147460992
2016-07-28,654.490000,657.590000,654.490000,655.030000,86428400
2016-07-29,655.110000,657.800000,654.790000,656.990000,60703500
2016-07-30,657.010000,658.220000,654.210000,655.050000,38456100
2016-07-31,655.100000,655.280000,624.360000,624.680000,110818000
2016-08-01,624.600000,626.120000,605.880000,606.270000,121887000
2016-08-02,606.400000,612.850000,531.330000,547.470000,330932992
2016-08-03,548.660000,573.360000,541.550000,566.350000,207982000
2016-08-04,566.330000,579.500000,565.780000,578.290000,125292000
2016-08-05,578.280000,578.280000,569.980000,575.040000,66127900
2016-08-06,575.030000,588.400000,569.470000,587.780000,80797296
2016-08-07,587.770000,597.510000,586.820000,592.690000,82398400
2016-08-08,592.740000,592.990000,588.050000,591.050000,61194100
2016-08-09,591.040000,591.090000,584.790000,587.800000,92228096
2016-08-10,587.650000,599.980000,586.370000,592.100000,102905000
2016-08-11,592.120000,597.540000,589.120000,589.120000,74514400
2016-08-12,588.800000,589.910000,583.810000,587.560000,69218000
2016-08-13,587.360000,589.770000,584.980000,585.590000,43563000
2016-08-14,585.590000,585.670000,564.780000,570.470000,60851100
2016-08-15,570.490000,573.580000,563.240000,567.240000,57262300
2016-08-16,567.240000,581.740000,566.720000,577.440000,58405200
2016-08-17,577.760000,580.890000,571.430000,573.220000,54443000
2016-08-18,573.710000,577.790000,573.430000,574.320000,59896600
2016-08-19,574.340000,578.240000,574.180000,575.630000,50631600
2016-08-20,576.080000,582.820000,575.460000,581.700000,45301400
2016-08-21,581.940000,584.160000,580.220000,581.310000,38299400
2016-08-22,581.310000,588.450000,580.590000,586.750000,72844000
2016-08-23,586.770000,589.470000,581.630000,583.410000,85349200
2016-08-24,583.410000,583.590000,579.850000,580.180000,56328200
2016-08-25,580.180000,580.450000,575.170000,577.760000,136130000
2016-08-26,577.750000,580.620000,576.860000,579.650000,48856800
2016-08-27,579.450000,579.840000,568.630000,569.950000,59698300
2016-08-28,569.830000,574.040000,569.740000,573.910000,86301600
2016-08-29,574.070000,576.280000,573.470000,574.110000,110398000
2016-08-30,574.110000,578.360000,574.110000,577.500000,70342400
2016-08-31,577.590000,577.860000,573.640000,575.470000,75840896
2016-09-01,575.550000,576.310000,571.810000,572.300000,76923400
2016-09-02,572.410000,575.640000,570.810000,575.540000,79910800
2016-09-03,575.550000,599.500000,574.060000,598.210000,159014000
2016-09-04,598.590000,611.840000,596.850000,608.630000,97942896
2016-09-05,608.990000,609.050000,602.240000,606.590000,82446800
2016-09-06,606.510000,610.830000,605.090000,610.440000,78529104
2016-09-07,610.570000,614.540000,608.510000,614.540000,75032400
2016-09-08,614.640000,628.770000,613.840000,626.320000,86713000
2016-09-09,626.350000,626.830000,620.260000,622.860000,64550200
2016-09-10,622.930000,625.090000,622.400000,623.510000,45016800
2016-09-11,623.420000,628.820000,600.510000,606.720000,73610800
2016-09-12,607.010000,608.460000,605.410000,608.240000,72812304
2016-09-13,608.030000,611.190000,606.920000,609.240000,86920600
2016-09-14,608.840000,611.950000,608.410000,610.680000,47877700
2016-09-15,610.590000,611.090000,607.160000,607.160000,59464600
2016-09-16,607.250000,609.260000,606.730000,606.970000,64963400
2016-09-17,607.220000,607.860000,605.190000,605.980000,37140300
2016-09-18,606.280000,610.160000,605.860000,609.870000,48679400
2016-09-19,609.870000,610.930000,608.270000,609.230000,54796400
2016-09-20,609.250000,609.530000,607.940000,608.310000,72710896
2016-09-21,603.590000,603.590000,595.880000,597.150000,82776200
2016-09-22,597.280000,598.490000,596.210000,596.300000,67085300
2016-09-23,596.200000,603.210000,595.790000,602.840000,51067000
2016-09-24,602.960000,604.580000,602.040000,602.620000,35359500
2016-09-25,602.750000,603.380000,599.710000,600.830000,33977800
2016-09-26,600.810000,608.140000,600.350000,608.040000,59153800
2016-09-27,608.020000,608.250000,604.110000,606.170000,49422400
2016-09-28,606.240000,606.590000,604.610000,604.730000,48722600
2016-09-29,605.020000,606.820000,604.850000,605.690000,55658600
2016-09-30,605.720000,609.730000,604.140000,609.730000,56122400
2016-10-01,609.930000,615.240000,609.930000,613.980000,56357000
2016-10-02,613.950000,614.010000,609.680000,610.890000,39249800
2016-10-03,610.970000,612.570000,610.460000,612.130000,46798300
2016-10-04,612.050000,612.050000,609.480000,610.200000,49801600
2016-10-05,610.220000,613.810000,609.620000,612.510000,68077504
2016-10-06,612.470000,613.820000,611.470000,613.020000,56812100
2016-10-07,612.610000,617.910000,611.820000,617.120000,64071400
2016-10-08,617.340000,619.850000,617.340000,619.110000,42345900
2016-10-09,619.170000,619.200000,616.610000,616.750000,39243400
2016-10-10,616.820000,621.320000,616.200000,618.990000,67481104
2016-10-11,619.240000,642.080000,618.500000,641.070000,103590000
2016-10-12,640.870000,641.340000,635.970000,636.190000,92370200
2016-10-13,636.030000,638.830000,635.030000,636.790000,61620700
2016-10-14,637.010000,641.280000,637.010000,640.380000,58144600
2016-10-15,640.310000,642.100000,637.390000,638.650000,39035400
2016-10-16,639.080000,642.900000,638.900000,641.630000,40298100
2016-10-17,641.820000,642.330000,638.660000,639.190000,58063600
2016-10-18,639.410000,640.740000,636.000000,637.960000,65546700
2016-10-19,638.130000,638.870000,628.010000,630.520000,69381696
2016-10-20,630.660000,631.920000,628.260000,630.860000,56957300
2016-10-21,630.830000,634.090000,630.690000,632.830000,55951000
2016-10-22,633.140000,658.200000,632.850000,657.290000,78556496
2016-10-23,657.620000,661.130000,653.890000,657.070000,54474600
2016-10-24,657.160000,657.250000,652.590000,653.760000,62218200
2016-10-25,654.000000,664.420000,653.700000,657.590000,90378800
2016-10-26,657.680000,679.730000,657.680000,678.300000,88877104
2016-10-27,678.210000,688.590000,678.040000,688.310000,96105296
2016-10-28,688.000000,690.440000,684.160000,689.650000,81145504
2016-10-29,690.290000,720.400000,690.050000,714.480000,134760992
2016-10-30,714.120000,714.120000,696.470000,701.860000,100665000
2016-10-31,702.640000,709.290000,691.680000,700.970000,97064400
2016-11-01,701.340000,736.450000,701.340000,729.790000,130527000
2016-11-02,730.070000,740.830000,722.350000,740.830000,84865200
2016-11-03,742.350000,745.770000,678.160000,688.700000,172808000
2016-11-04,689.120000,706.930000,685.560000,703.230000,99907696
2016-11-05,703.530000,707.510000,697.740000,703.420000,53752300
2016-11-06,703.810000,714.260000,699.560000,711.520000,59902200
2016-11-07,710.740000,710.740000,699.900000,703.130000,65047100
2016-11-08,703.090000,712.990000,702.390000,709.850000,79660800
2016-11-09,709.830000,740.050000,708.610000,723.270000,132429000
2016-11-10,722.840000,723.020000,711.210000,715.530000,68807800
2016-11-11,715.550000,718.320000,714.410000,716.410000,63119700
2016-11-12,716.750000,717.150000,704.030000,705.050000,64622500
2016-11-13,705.200000,705.260000,687.320000,702.030000,80318096
2016-11-14,702.000000,706.280000,699.810000,705.020000,62993000
2016-11-15,705.790000,715.720000,705.260000,711.620000,72038496
2016-11-16,711.170000,747.610000,709.040000,744.200000,141294000
2016-11-17,744.880000,755.650000,739.510000,740.980000,108579000
2016-11-18,740.710000,752.880000,736.890000,751.590000,87363104
2016-11-19,751.830000,756.240000,744.470000,751.620000,110608000
2016-11-20,751.880000,755.480000,717.940000,731.030000,154116000
2016-11-21,731.270000,741.720000,730.510000,739.250000,60802400
2016-11-22,739.640000,753.870000,736.530000,751.350000,129906000
2016-11-23,751.740000,752.250000,738.920000,744.590000,76543800
2016-11-24,744.620000,746.830000,733.490000,740.290000,85919296
2016-11-25,740.440000,741.650000,734.590000,741.650000,67807600
2016-11-26,741.510000,742.210000,729.620000,735.380000,54962700
2016-11-27,735.440000,739.020000,731.090000,732.030000,52601800
2016-11-28,732.480000,738.010000,732.480000,735.810000,61888600
2016-11-29,736.330000,737.470000,734.560000,735.600000,68511104
2016-11-30,736.280000,747.930000,736.270000,745.690000,84070800
2016-12-01,746.050000,758.280000,746.050000,756.770000,80461904
2016-12-02,757.540000,781.300000,757.540000,777.940000,127605000
2016-12-03,778.250000,778.250000,764.860000,771.160000,69547296
2016-12-04,771.640000,773.870000,768.160000,773.870000,60557900
2016-12-05,773.390000,773.470000,751.710000,758.700000,106363000
2016-12-06,758.720000,765.620000,758.720000,764.220000,116218000
2016-12-07,764.210000,771.540000,759.750000,768.130000,96426096
2016-12-08,768.080000,774.700000,765.950000,770.810000,80111904
2016-12-09,769.940000,774.530000,769.650000,772.790000,68705296
2016-12-10,773.020000,777.090000,772.910000,774.650000,53843100
2016-12-11,774.750000,774.800000,765.410000,769.730000,57313400
2016-12-12,770.040000,781.920000,770.040000,780.090000,76571000
2016-12-13,780.650000,788.460000,777.960000,780.560000,81645600
2016-12-14,780.010000,782.030000,776.840000,781.480000,75979000
2016-12-15,780.070000,781.430000,777.800000,778.090000,81580096
2016-12-16,778.960000,785.030000,778.960000,784.910000,83608200
2016-12-17,785.170000,792.510000,784.860000,790.830000,78989800
2016-12-18,791.010000,794.740000,788.030000,790.530000,60524400
2016-12-19,790.690000,793.610000,790.320000,792.710000,74886400
2016-12-20,792.250000,801.340000,791.500000,800.880000,99629296
2016-12-21,800.640000,834.280000,799.410000,834.280000,155576000
2016-12-22,834.180000,875.780000,834.150000,864.540000,200027008
2016-12-23,864.890000,925.120000,864.680000,921.980000,275564000
2016-12-24,922.180000,923.480000,886.340000,898.820000,137727008
2016-12-25,899.650000,899.650000,862.420000,896.180000,143664992
2016-12-26,896.910000,913.180000,896.900000,907.610000,123771000
2016-12-27,908.350000,940.050000,904.260000,933.200000,167308000
2016-12-28,934.830000,975.920000,934.830000,975.920000,236630000
2016-12-29,975.120000,979.400000,954.500000,973.500000,199320000
2016-12-30,972.530000,972.530000,934.830000,961.240000,187474000
2016-12-31,960.630000,963.740000,947.240000,963.740000,99135104
2017-01-01,963.660000,1003.080000,958.700000,998.330000,147775008
2017-01-02,998.620000,1031.390000,996.700000,1021.750000,222184992
2017-01-03,1021.600000,1044.080000,1021.600000,1043.840000,185168000
2017-01-04,1044.400000,1159.420000,1044.400000,1154.730000,344945984
2017-01-05,1156.730000,1191.100000,910.420000,1013.380000,510199008
2017-01-06,1014.240000,1046.810000,883.940000,902.200000,351876000
2017-01-07,903.490000,908.590000,823.560000,908.590000,279550016
2017-01-08,908.170000,942.720000,887.250000,911.200000,158715008
2017-01-09,913.240000,913.690000,879.810000,902.830000,141876992
2017-01-10,902.440000,914.870000,901.060000,907.680000,115808000
2017-01-11,908.110000,919.450000,762.770000,777.760000,310928992
2017-01-12,775.180000,826.250000,755.760000,804.830000,222326000
2017-01-13,803.740000,829.000000,780.000000,823.980000,168968000
2017-01-14,825.140000,835.090000,812.460000,818.410000,93063296
2017-01-15,818.140000,823.310000,812.870000,821.800000,71013600
2017-01-16,821.780000,834.530000,820.270000,831.530000,82755200
2017-01-17,830.950000,910.560000,830.800000,907.940000,155095008
2017-01-18,909.370000,917.500000,858.300000,886.620000,225676992
2017-01-19,888.340000,904.610000,884.340000,899.070000,105625000
2017-01-20,898.170000,899.400000,887.010000,895.030000,86728400
2017-01-21,895.550000,927.370000,895.530000,921.790000,111158000
2017-01-22,922.210000,937.530000,897.560000,924.670000,116573000
2017-01-23,925.500000,928.270000,916.740000,921.010000,73588600
2017-01-24,910.680000,924.150000,892.290000,892.690000,111349000
2017-01-25,891.920000,903.250000,891.690000,901.540000,120831000
2017-01-26,902.400000,919.330000,902.220000,917.590000,131958000
2017-01-27,918.360000,923.220000,915.850000,919.750000,125594000
2017-01-28,919.810000,923.910000,919.810000,921.590000,68979600
2017-01-29,922.070000,923.420000,919.150000,919.500000,60851700
2017-01-30,920.150000,923.050000,919.470000,920.380000,78227296
2017-01-31,920.960000,972.020000,920.960000,970.400000,164582000
2017-02-01,970.940000,989.110000,970.740000,989.020000,150110000
2017-02-02,990.000000,1013.520000,983.220000,1011.800000,145820992
2017-02-03,1011.460000,1033.870000,1008.790000,1029.910000,201278000
2017-02-04,1031.330000,1045.900000,1015.160000,1042.900000,155064000
2017-02-05,1043.520000,1043.630000,1022.370000,1027.340000,114208000
2017-02-06,1028.400000,1044.640000,1028.160000,1038.150000,111762000
2017-02-07,1040.140000,1061.930000,1040.140000,1061.350000,146007008
2017-02-08,1062.320000,1078.970000,1037.490000,1063.070000,201855008
2017-02-09,1064.700000,1088.990000,953.340000,994.380000,407220000
2017-02-10,995.630000,998.910000,946.690000,988.670000,190452000
2017-02-11,988.900000,1009.290000,982.830000,1004.450000,102261000
2017-02-12,1003.520000,1004.760000,996.920000,999.180000,67530000
2017-02-13,998.890000,1002.100000,976.000000,990.640000,100607000
2017-02-14,991.730000,1011.510000,986.470000,1004.550000,137946000
2017-02-15,1006.210000,1008.840000,1001.580000,1007.480000,89759400
2017-02-16,1007.650000,1033.370000,1007.650000,1027.440000,122277000
2017-02-17,1026.120000,1053.170000,1025.640000,1046.210000,136474000
2017-02-18,1049.210000,1061.100000,1046.960000,1054.420000,99073504
2017-02-19,1054.760000,1056.810000,1043.460000,1047.870000,77423296
2017-02-20,1048.690000,1080.490000,1041.690000,1079.980000,109478000
2017-02-21,1079.280000,1117.250000,1076.930000,1115.300000,186868992
2017-02-22,1114.800000,1125.390000,1100.550000,1117.440000,136100000
2017-02-23,1117.270000,1176.620000,1116.960000,1166.720000,189454000
2017-02-24,1172.710000,1200.390000,1131.960000,1173.680000,330759008
2017-02-25,1170.410000,1174.850000,1124.590000,1143.840000,139960992
2017-02-26,1144.270000,1167.470000,1130.200000,1165.200000,116486000
2017-02-27,1163.780000,1181.980000,1163.380000,1179.970000,131570000
2017-02-28,1180.720000,1193.250000,1171.820000,1179.970000,184956000
2017-03-01,1180.040000,1222.500000,1179.690000,1222.500000,229056992
2017-03-02,1224.680000,1262.130000,1215.620000,1251.010000,368275008
2017-03-03,1250.710000,1280.310000,1250.710000,1274.990000,315739008
2017-03-04,1277.430000,1279.400000,1230.510000,1255.150000,183270000
2017-03-05,1254.290000,1267.290000,1238.060000,1267.120000,134127000
2017-03-06,1267.470000,1276.000000,1264.600000,1272.830000,153656992
2017-03-07,1273.210000,1275.550000,1204.800000,1223.540000,291256000
2017-03-08,1223.230000,1232.160000,1148.080000,1150.000000,332603008
2017-03-09,1150.350000,1197.460000,1141.230000,1188.490000,212283008
2017-03-10,1189.360000,1270.470000,1077.250000,1116.720000,563795968
2017-03-11,1116.320000,1193.830000,1116.320000,1175.830000,283320000
2017-03-12,1176.620000,1226.980000,1175.360000,1221.380000,227176000
2017-03-13,1221.780000,1237.370000,1217.030000,1231.920000,380276992
2017-03-14,1232.160000,1244.810000,1220.720000,1240.000000,245306000
2017-03-15,1240.160000,1251.610000,1239.750000,1249.610000,297804992
2017-03-16,1251.330000,1257.980000,1152.440000,1187.810000,638568000
2017-03-17,1180.160000,1180.160000,1099.570000,1100.230000,706598976
2017-03-18,1099.690000,1114.070000,957.660000,973.820000,621302016
2017-03-19,976.730000,1069.910000,976.730000,1036.740000,406648000
2017-03-20,1037.240000,1063.030000,1036.680000,1054.230000,286529984
2017-03-21,1055.360000,1122.430000,1055.360000,1120.540000,337391008
2017-03-22,1120.650000,1120.650000,1014.210000,1049.140000,380840992
2017-03-23,1050.050000,1058.010000,1028.930000,1038.590000,248540000
2017-03-24,1038.450000,1040.470000,934.360000,937.520000,491038016
2017-03-25,936.540000,975.760000,903.710000,972.780000,435803008
2017-03-26,974.020000,1007.960000,954.190000,966.720000,303668000
2017-03-27,972.050000,1046.400000,971.980000,1045.770000,372535008
2017-03-28,1044.580000,1064.650000,1027.730000,1047.150000,326332000
2017-03-29,1046.080000,1055.130000,1015.880000,1039.970000,298457984
2017-03-30,1042.210000,1049.290000,1020.040000,1026.430000,352968992
2017-03-31,1026.640000,1074.920000,1026.640000,1071.790000,447287008
2017-04-01,1071.710000,1091.720000,1061.090000,1080.500000,289633984
2017-04-02,1080.610000,1107.590000,1075.450000,1102.170000,514187008
2017-04-03,1102.950000,1151.740000,1102.950000,1143.810000,580444032
2017-04-04,1145.520000,1156.440000,1120.520000,1133.250000,436310016
2017-04-05,1134.140000,1135.090000,1113.630000,1124.780000,414784000
2017-04-06,1125.810000,1188.370000,1125.810000,1182.680000,511222016
2017-04-07,1178.940000,1186.580000,1163.390000,1176.900000,317022016
2017-04-08,1172.650000,1184.980000,1162.580000,1175.950000,209312000
2017-04-09,1176.570000,1197.210000,1171.860000,1187.870000,242343008
2017-04-10,1187.300000,1190.340000,1179.040000,1187.130000,215883008
2017-04-11,1187.460000,1208.070000,1187.460000,1205.010000,216182000
2017-04-12,1204.810000,1207.140000,1196.760000,1200.370000,288702016
2017-04-13,1201.020000,1205.890000,1156.440000,1169.280000,351968992
2017-04-14,1170.330000,1190.800000,1159.790000,1167.540000,254827008
2017-04-15,1167.300000,1188.000000,1164.960000,1172.520000,203559008
2017-04-16,1172.610000,1187.220000,1172.610000,1182.940000,183231008
2017-04-17,1183.250000,1194.900000,1172.650000,1193.910000,253206000
2017-04-18,1193.770000,1217.570000,1193.770000,1211.670000,270524000
2017-04-19,1212.130000,1215.510000,1205.080000,1210.290000,288060992
2017-04-20,1211.080000,1240.790000,1208.410000,1229.080000,315108000
2017-04-21,1229.420000,1235.940000,1215.560000,1222.050000,272167008
2017-04-22,1222.710000,1235.560000,1208.470000,1231.710000,249320000
2017-04-23,1231.920000,1232.200000,1203.940000,1207.210000,258951008
2017-04-24,1209.630000,1250.940000,1209.630000,1250.150000,235806000
2017-04-25,1250.450000,1267.580000,1249.970000,1265.490000,242556000
2017-04-26,1265.990000,1294.830000,1265.930000,1281.080000,329631008
2017-04-27,1281.880000,1319.700000,1281.300000,1317.730000,449196992
2017-04-28,1317.740000,1331.280000,1292.370000,1316.480000,527488992
2017-04-29,1317.840000,1327.200000,1315.210000,1321.790000,422705984
2017-04-30,1321.870000,1347.910000,1314.920000,1347.890000,413115008
2017-05-01,1348.300000,1434.320000,1348.300000,1421.600000,713624000
2017-05-02,1421.030000,1473.900000,1415.690000,1452.820000,477337984
2017-05-03,1453.780000,1492.770000,1447.490000,1490.090000,583795968
2017-05-04,1490.720000,1608.910000,1490.720000,1537.670000,933548992
2017-05-05,1540.870000,1618.030000,1530.310000,1555.450000,946035968
2017-05-06,1556.810000,1578.800000,1542.500000,1578.800000,582529984
2017-05-07,1579.470000,1596.720000,1559.760000,1596.710000,1080029952
2017-05-08,1596.920000,1723.350000,1596.920000,1723.350000,1340320000
2017-05-09,1723.890000,1833.490000,1716.300000,1755.360000,1167920000
2017-05-10,1756.520000,1788.440000,1719.100000,1787.130000,915723008
2017-05-11,1780.370000,1873.930000,1755.350000,1848.570000,799489984
2017-05-12,1845.760000,1856.150000,1694.010000,1724.240000,740984000
2017-05-13,1723.120000,1812.990000,1651.080000,1804.910000,579635008
2017-05-14,1800.860000,1831.420000,1776.620000,1808.910000,437196000
2017-05-15,1808.440000,1812.800000,1708.540000,1738.430000,731529024
2017-05-16,1741.700000,1785.940000,1686.540000,1734.450000,959044992
2017-05-17,1726.730000,1864.050000,1661.910000,1839.090000,1064729984
2017-05-18,1818.700000,1904.480000,1807.120000,1888.650000,894321024
2017-05-19,1897.370000,2004.520000,1890.250000,1987.710000,1157289984
2017-05-20,1984.240000,2084.730000,1974.920000,2084.730000,961336000
2017-05-21,2067.030000,2119.080000,2037.500000,2041.200000,1147859968
2017-05-22,2043.190000,2303.900000,2017.870000,2173.400000,1942220032
2017-05-23,2191.560000,2320.820000,2178.500000,2320.420000,1378749952
2017-05-24,2321.370000,2523.720000,2321.370000,2443.640000,1725379968
2017-05-25,2446.240000,2763.710000,2285.300000,2304.980000,2406700032
2017-05-26,2320.890000,2573.790000,2071.990000,2202.420000,1763480064
2017-05-27,2196.270000,2260.200000,1855.830000,2038.870000,1700480000
2017-05-28,2054.080000,2267.340000,2054.080000,2155.800000,1147139968
2017-05-29,2159.430000,2307.050000,2107.170000,2255.610000,994625024
2017-05-30,2255.360000,2301.960000,2124.570000,2175.470000,1443970048
2017-05-31,2187.190000,2311.080000,2145.570000,2286.410000,1544829952
2017-06-01,2288.330000,2448.390000,2288.330000,2407.880000,1653180032
2017-06-02,2404.030000,2488.550000,2373.320000,2488.550000,1317030016
2017-06-03,2493.720000,2581.910000,2423.570000,2515.350000,1514950016
2017-06-04,2547.790000,2585.890000,2452.540000,2511.810000,1355120000
2017-06-05,2512.400000,2686.810000,2510.220000,2686.810000,1369309952
2017-06-06,2690.840000,2999.910000,2690.840000,2863.200000,2089609984
2017-06-07,2869.380000,2869.380000,2700.560000,2732.160000,1517709952
2017-06-08,2720.490000,2815.300000,2670.950000,2805.620000,1281170048
2017-06-09,2807.440000,2901.710000,2795.620000,2823.810000,1348950016
2017-06-10,2828.140000,2950.990000,2746.550000,2947.710000,2018889984
2017-06-11,2942.410000,2996.600000,2840.530000,2958.110000,1752400000
2017-06-12,2953.220000,2997.260000,2518.560000,2659.630000,2569530112
2017-06-13,2680.910000,2789.040000,2650.380000,2717.020000,1781200000
2017-06-14,2716.880000,2786.830000,2412.940000,2506.370000,1696560000
2017-06-15,2499.580000,2534.710000,2212.960000,2464.580000,2026259968
2017-06-16,2469.570000,2539.920000,2385.150000,2518.560000,1195190016
2017-06-17,2514.010000,2685.190000,2484.960000,2655.880000,1534509952
2017-06-18,2655.350000,2662.100000,2516.330000,2548.290000,1178659968
2017-06-19,2549.030000,2662.850000,2549.030000,2589.600000,1446840064
2017-06-20,2591.260000,2763.450000,2589.820000,2721.790000,1854189952
2017-06-21,2709.430000,2772.010000,2660.400000,2689.100000,1626579968
2017-06-22,2691.030000,2723.740000,2642.360000,2705.410000,1097939968
2017-06-23,2707.340000,2765.170000,2706.370000,2744.910000,961318976
2017-06-24,2738.520000,2757.940000,2583.190000,2608.720000,982750016
2017-06-25,2607.250000,2682.260000,2552.120000,2589.410000,1161100032
2017-06-26,2590.570000,2615.250000,2376.290000,2478.450000,1663280000
2017-06-27,2478.450000,2552.450000,2332.990000,2552.450000,1489789952
2017-06-28,2553.030000,2603.980000,2484.420000,2574.790000,1183869952
2017-06-29,2567.560000,2588.830000,2510.480000,2539.320000,949979008
2017-06-30,2539.240000,2559.250000,2478.430000,2480.840000,860273024
2017-07-01,2492.600000,2515.270000,2419.230000,2434.550000,779913984
2017-07-02,2436.400000,2514.280000,2394.840000,2506.470000,803747008
2017-07-03,2498.560000,2595.000000,2480.470000,2564.060000,964112000
2017-07-04,2561.000000,2631.590000,2559.350000,2601.640000,985516032
2017-07-05,2602.870000,2622.650000,2538.550000,2601.990000,941566016
2017-07-06,2608.100000,2616.720000,2581.690000,2608.560000,761956992
2017-07-07,2608.590000,2916.140000,2498.870000,2518.660000,917411968
2017-07-08,2520.270000,2571.340000,2492.310000,2571.340000,733329984
2017-07-09,2572.610000,2635.490000,2517.590000,2518.440000,527856000
2017-07-10,2525.250000,2537.160000,2321.130000,2372.560000,1111200000
2017-07-11,2385.890000,2413.470000,2296.810000,2337.790000,1329760000
2017-07-12,2332.770000,2423.710000,2275.140000,2398.840000,1117410048
2017-07-13,2402.700000,2425.220000,2340.830000,2357.900000,835769984
2017-07-14,2360.590000,2363.250000,2183.220000,2233.340000,882502976
2017-07-15,2230.120000,2231.140000,1990.410000,1998.860000,993608000
2017-07-16,1991.980000,2058.770000,1843.030000,1929.820000,1182870016
2017-07-17,1932.620000,2230.490000,1932.620000,2228.410000,1201760000
2017-07-18,2233.520000,2387.610000,2164.770000,2318.880000,1512450048
2017-07-19,2323.080000,2397.170000,2260.230000,2273.430000,1245100032
2017-07-20,2269.890000,2900.700000,2269.890000,2817.600000,2249260032
2017-07-21,2838.410000,2838.410000,2621.850000,2667.760000,1489449984
2017-07-22,2668.630000,2862.420000,2657.710000,2810.120000,1177129984
2017-07-23,2808.100000,2832.180000,2653.940000,2730.400000,1072840000
2017-07-24,2732.700000,2777.260000,2699.190000,2754.860000,866473984
2017-07-25,2757.500000,2768.080000,2480.960000,2576.480000,1460089984
2017-07-26,2577.770000,2610.760000,2450.800000,2529.450000,937404032
2017-07-27,2538.710000,2693.320000,2529.340000,2671.780000,789104000
2017-07-28,2679.730000,2897.450000,2679.730000,2809.010000,1380099968
2017-07-29,2807.020000,2808.760000,2692.800000,2726.450000,803745984
2017-07-30,2724.390000,2758.530000,2644.850000,2757.180000,705942976
2017-07-31,2763.240000,2889.620000,2720.610000,2875.340000,860574976
2017-08-01,2871.300000,2921.350000,2685.610000,2718.260000,1324669952
2017-08-02,2727.130000,2762.530000,2668.590000,2710.670000,1094950016
2017-08-03,2709.560000,2813.310000,2685.140000,2804.730000,804796992
2017-08-04,2806.930000,2899.330000,2743.720000,2895.890000,1002120000
2017-08-05,2897.630000,3290.010000,2874.830000,3252.910000,1945699968
2017-08-06,3257.610000,3293.290000,3155.600000,3213.940000,1105030016
2017-08-07,3212.780000,3397.680000,3180.890000,3378.940000,1482279936
2017-08-08,3370.220000,3484.850000,3345.830000,3419.940000,1752760064
2017-08-09,3420.400000,3422.760000,3247.670000,3342.470000,1468960000
2017-08-10,3341.840000,3453.450000,3319.470000,3381.280000,1515110016
2017-08-11,3373.820000,3679.720000,3372.120000,3650.620000,2021190016
2017-08-12,3650.630000,3949.920000,3613.700000,3884.710000,2219589888
2017-08-13,3880.040000,4208.390000,3857.800000,4073.260000,3159089920
2017-08-14,4066.100000,4325.130000,3989.160000,4325.130000,2463089920
2017-08-15,4326.990000,4455.970000,3906.180000,4181.930000,3258050048
2017-08-16,4200.340000,4381.230000,3994.420000,4376.630000,2272039936
2017-08-17,4384.440000,4484.700000,4243.710000,4331.690000,2553359872
2017-08-18,4324.340000,4370.130000,4015.400000,4160.620000,2941710080
2017-08-19,4137.750000,4243.260000,3970.550000,4193.700000,2975820032
2017-08-20,4189.310000,4196.290000,4069.880000,4087.660000,2109769984
2017-08-21,4090.480000,4109.140000,3988.600000,4001.740000,2800890112
2017-08-22,3998.350000,4128.760000,3674.580000,4100.520000,3764239872
2017-08-23,4089.010000,4255.780000,4078.410000,4151.520000,2369819904
2017-08-24,4137.600000,4376.390000,4130.260000,4334.680000,2037750016
2017-08-25,4332.820000,4455.700000,4307.350000,4371.600000,1727970048
2017-08-26,4372.060000,4379.280000,4269.520000,4352.400000,1511609984
2017-08-27,4345.100000,4416.590000,4317.290000,4382.880000,1537459968
2017-08-28,4384.450000,4403.930000,4224.640000,4382.660000,1959330048
2017-08-29,4389.210000,4625.680000,4352.130000,4579.020000,2486080000
2017-08-30,4570.360000,4626.520000,4471.410000,4565.300000,1937849984
2017-08-31,4555.590000,4736.050000,4549.400000,4703.390000,1944930048
2017-09-01,4701.760000,4892.010000,4678.530000,4892.010000,2599079936
2017-09-02,4901.420000,4975.040000,4469.240000,4578.770000,2722139904
2017-09-03,4585.270000,4714.080000,4417.590000,4582.960000,1933190016
2017-09-04,4591.630000,4591.630000,4108.400000,4236.310000,2987330048
2017-09-05,4228.290000,4427.840000,3998.110000,4376.530000,2697969920
2017-09-06,4376.590000,4617.250000,4376.590000,4597.120000,2172100096
2017-09-07,4589.140000,4655.040000,4491.330000,4599.880000,1844620032
2017-09-08,4605.160000,4661.000000,4075.180000,4228.750000,2700890112
2017-09-09,4229.810000,4308.820000,4114.110000,4226.060000,1386230016
2017-09-10,4229.340000,4245.440000,3951.040000,4122.940000,1679090048
2017-09-11,4122.470000,4261.670000,4099.400000,4161.270000,1557330048
2017-09-12,4168.880000,4344.650000,4085.220000,4130.810000,1864530048
2017-09-13,4131.980000,4131.980000,3789.920000,3882.590000,2219409920
2017-09-14,3875.370000,3920.600000,3153.860000,3154.950000,2716310016
2017-09-15,3166.300000,3733.450000,2946.620000,3637.520000,4148069888
2017-09-16,3637.750000,3808.840000,3487.790000,3625.040000,1818400000
2017-09-17,3606.280000,3664.810000,3445.640000,3582.880000,1239149952
2017-09-18,3591.090000,4079.230000,3591.090000,4065.200000,1943209984
2017-09-19,4073.790000,4094.070000,3868.870000,3924.970000,1563980032
2017-09-20,3916.360000,4031.390000,3857.730000,3905.950000,1213830016
2017-09-21,3901.470000,3916.420000,3613.630000,3631.040000,1411480064
2017-09-22,3628.020000,3758.270000,3553.530000,3630.700000,1194829952
2017-09-23,3629.920000,3819.210000,3594.580000,3792.400000,928113984
2017-09-24,3796.150000,3796.150000,3666.900000,3682.840000,768014976
2017-09-25,3681.580000,3950.250000,3681.580000,3926.070000,1374210048
2017-09-26,3928.410000,3969.890000,3869.900000,3892.350000,1043740032
2017-09-27,3892.940000,4210.050000,3884.820000,4200.670000,1686880000
2017-09-28,4197.130000,4279.310000,4109.700000,4174.730000,1712320000
2017-09-29,4171.620000,4214.630000,4039.290000,4163.070000,1367049984
2017-09-30,4166.110000,4358.430000,4160.860000,4338.710000,1207449984
2017-10-01,4341.050000,4403.740000,4269.810000,4403.740000,1208210048
2017-10-02,4395.810000,4470.230000,4377.460000,4409.320000,1431730048
2017-10-03,4408.460000,4432.470000,4258.890000,4317.480000,1288019968
2017-10-04,4319.370000,4352.310000,4210.420000,4229.360000,1116770048
2017-10-05,4229.880000,4362.640000,4164.050000,4328.410000,1161769984
2017-10-06,4324.460000,4413.270000,4320.530000,4370.810000,1069939968
2017-10-07,4369.350000,4443.880000,4321.050000,4426.890000,906928000
2017-10-08,4429.670000,4624.140000,4405.640000,4610.480000,1313869952
2017-10-09,4614.520000,4878.710000,4564.250000,4772.020000,1968739968
2017-10-10,4776.210000,4922.170000,4765.100000,4781.990000,1597139968
2017-10-11,4789.250000,4873.730000,4751.630000,4826.480000,1222279936
2017-10-12,4829.580000,5446.910000,4822.000000,5446.910000,2791610112
2017-10-13,5464.160000,5840.300000,5436.850000,5647.210000,3615480064
2017-10-14,5643.530000,5837.700000,5591.640000,5831.790000,1669030016
2017-10-15,5835.960000,5852.480000,5478.610000,5678.190000,1976039936
2017-10-16,5687.570000,5776.230000,5544.210000,5725.590000,2008070016
2017-10-17,5741.580000,5800.350000,5472.720000,5605.510000,1821570048
2017-10-18,5603.820000,5603.820000,5151.440000,5590.690000,2399269888
2017-10-19,5583.740000,5744.350000,5531.060000,5708.520000,1780540032
2017-10-20,5708.110000,6060.110000,5627.230000,6011.450000,2354429952
2017-10-21,5996.790000,6194.880000,5965.070000,6031.600000,2207099904
2017-10-22,6036.660000,6076.260000,5792.340000,6008.420000,2034630016
2017-10-23,6006.000000,6075.590000,5732.470000,5930.320000,2401840128
2017-10-24,5935.520000,5935.520000,5504.180000,5526.640000,2735699968
2017-10-25,5524.600000,5754.330000,5397.880000,5750.800000,1966989952
2017-10-26,5747.950000,5976.800000,5721.220000,5904.830000,1905040000
2017-10-27,5899.740000,5988.390000,5728.820000,5780.900000,1710130048
2017-10-28,5787.820000,5876.720000,5689.190000,5753.090000,1403920000
2017-10-29,5754.440000,6255.710000,5724.580000,6153.850000,2859040000
2017-10-30,6114.850000,6214.990000,6040.850000,6130.530000,1772150016
2017-10-31,6132.020000,6470.430000,6103.330000,6468.400000,2311379968
2017-11-01,6440.970000,6767.310000,6377.880000,6767.310000,2870320128
2017-11-02,6777.770000,7367.330000,6758.720000,7078.500000,4653770240
2017-11-03,7087.530000,7461.290000,7002.940000,7207.760000,3369860096
2017-11-04,7164.480000,7492.860000,7031.280000,7379.950000,2483800064
2017-11-05,7404.520000,7617.480000,7333.190000,7407.410000,2380410112
2017-11-06,7403.220000,7445.770000,7007.310000,7022.760000,3111899904
2017-11-07,7023.100000,7253.320000,7023.100000,7144.380000,2326340096
2017-11-08,7141.380000,7776.420000,7114.020000,7459.690000,4602200064
2017-11-09,7446.830000,7446.830000,7101.520000,7143.580000,3226249984
2017-11-10,7173.730000,7312.000000,6436.870000,6618.140000,5208249856
2017-11-11,6618.610000,6873.150000,6204.220000,6357.600000,4908680192
2017-11-12,6295.450000,6625.050000,5519.010000,5950.070000,8957349888
2017-11-13,5938.250000,6811.190000,5844.290000,6559.490000,6263249920
2017-11-14,6561.480000,6764.980000,6461.750000,6635.750000,3197110016
2017-11-15,6634.760000,7342.250000,6634.760000,7315.540000,4200880128
2017-11-16,7323.240000,7967.380000,7176.580000,7871.690000,5123809792
2017-11-17,7853.570000,8004.590000,7561.090000,7708.990000,4651670016
2017-11-18,7697.210000,7884.990000,7463.440000,7790.150000,3667190016
2017-11-19,7766.030000,8101.910000,7694.100000,8036.490000,3149319936
2017-11-20,8039.070000,8336.860000,7949.360000,8200.640000,3488450048
2017-11-21,8205.740000,8348.660000,7762.710000,8071.260000,4277609984
2017-11-22,8077.950000,8302.260000,8075.470000,8253.550000,3633530112
2017-11-23,8232.380000,8267.400000,8038.770000,8038.770000,4225179904
2017-11-24,8074.020000,8374.160000,7940.930000,8253.690000,5058610176
2017-11-25,8241.710000,8790.920000,8191.150000,8790.920000,4342060032
2017-11-26,8789.040000,9522.930000,8775.590000,9330.550000,5475579904
2017-11-27,9352.720000,9818.350000,9352.720000,9818.350000,5653320192
2017-11-28,9823.430000,10125.700000,9736.300000,10058.800000,6348819968
2017-11-29,10077.400000,11517.400000,9601.030000,9888.610000,11568799744
2017-11-30,9906.790000,10801.000000,9202.050000,10233.600000,8310689792
2017-12-01,10198.600000,11046.700000,9694.650000,10975.600000,6783119872
2017-12-02,10978.300000,11320.200000,10905.100000,11074.600000,5138500096
2017-12-03,11082.700000,11858.700000,10862.000000,11323.200000,6608309760
2017-12-04,11315.400000,11657.200000,11081.800000,11657.200000,6132409856
2017-12-05,11685.700000,12032.000000,11604.600000,11916.700000,6895260160
2017-12-06,11923.400000,14369.100000,11923.400000,14291.500000,12656300032
2017-12-07,14266.100000,17899.700000,14057.300000,17899.700000,17950699520
2017-12-08,17802.900000,18353.400000,14336.900000,16569.400000,21135998976
2017-12-09,16523.300000,16783.000000,13674.900000,15178.200000,13911300096
2017-12-10,15168.400000,15850.600000,13226.600000,15455.400000,13433299968
2017-12-11,15427.400000,17513.900000,15404.800000,16936.800000,12153900032
2017-12-12,16919.800000,17781.800000,16571.600000,17415.400000,14603799552
2017-12-13,17500.000000,17653.100000,16039.700000,16408.200000,12976900096
2017-12-14,16384.600000,17085.800000,16185.900000,16564.000000,13777399808
2017-12-15,16601.300000,18154.100000,16601.300000,17706.900000,14309999616
2017-12-16,17760.300000,19716.700000,17515.300000,19497.400000,12740599808
2017-12-17,19475.800000,20089.000000,18974.100000,19140.800000,13314599936
2017-12-18,19106.400000,19371.000000,18355.900000,19114.200000,14839499776
2017-12-19,19118.300000,19177.800000,17275.400000,17776.700000,16894499840
2017-12-20,17760.300000,17934.700000,16077.700000,16624.600000,22149699584
2017-12-21,16642.400000,17567.700000,15342.700000,15802.900000,16516599808
2017-12-22,15898.000000,15943.400000,11833.000000,13831.800000,22197999616
2017-12-23,13948.700000,15603.200000,13828.800000,14699.200000,13086000128
2017-12-24,14608.200000,14626.000000,12747.700000,13925.800000,11572299776
2017-12-25,13995.900000,14593.000000,13448.900000,14026.600000,10664699904
2017-12-26,14036.600000,16461.200000,14028.900000,16099.800000,13454300160
2017-12-27,16163.500000,16930.900000,15114.300000,15838.500000,12487600128
2017-12-28,15864.100000,15888.400000,13937.300000,14606.500000,12336499712
2017-12-29,14695.800000,15279.000000,14307.000000,14656.200000,13025500160
2017-12-30,14681.900000,14681.900000,12350.100000,12952.200000,14452599808
2017-12-31,12897.700000,14377.400000,12755.600000,14156.400000,12136299520
2018-01-01,14112.200000,14112.200000,13154.700000,13657.200000,10291200000
2018-01-02,13625.000000,15444.600000,13163.600000,14982.100000,16846600192
2018-01-03,14978.200000,15572.800000,14844.500000,15201.000000,16871900160
2018-01-04,15270.700000,15739.700000,14522.200000,15599.200000,21783199744
2018-01-05,15477.200000,17705.200000,15202.800000,17429.500000,23840899072
2018-01-06,17462.100000,17712.400000,16764.600000,17527.000000,18314600448
2018-01-07,17527.300000,17579.600000,16087.700000,16477.600000,15866000384
2018-01-08,16476.200000,16537.900000,14208.200000,15170.100000,18413899776
2018-01-09,15123.700000,15497.500000,14424.000000,14595.400000,16659999744
2018-01-10,14588.500000,14973.300000,13691.200000,14973.300000,18500800512
2018-01-11,14968.200000,15018.800000,13105.900000,13405.800000,16534099968
2018-01-12,13453.900000,14229.900000,13158.100000,13980.600000,12065699840
2018-01-13,13952.400000,14659.500000,13952.400000,14360.200000,12763599872
2018-01-14,14370.800000,14511.800000,13268.000000,13772.000000,11084099584
2018-01-15,13767.300000,14445.500000,13641.700000,13819.800000,12750799872
2018-01-16,13836.100000,13843.100000,10194.900000,11490.500000,18853799936
2018-01-17,11431.100000,11678.000000,9402.290000,11188.600000,18830600192
2018-01-18,11198.800000,12107.300000,10942.500000,11474.900000,15020399616
2018-01-19,11429.800000,11992.800000,11172.100000,11607.400000,10740400128
2018-01-20,11656.200000,13103.000000,11656.200000,12899.200000,11801700352
2018-01-21,12889.200000,12895.900000,11288.200000,11600.100000,9935179776
2018-01-22,11633.100000,11966.400000,10240.200000,10931.400000,10537400320
2018-01-23,10944.500000,11377.600000,10129.700000,10868.400000,9660609536
2018-01-24,10903.400000,11501.400000,10639.800000,11359.400000,9940989952
2018-01-25,11421.700000,11785.700000,11057.400000,11259.400000,8873169920
2018-01-26,11256.000000,11656.700000,10470.300000,11171.400000,9746199552
2018-01-27,11174.900000,11614.900000,10989.200000,11440.700000,7583269888
2018-01-28,11475.300000,12040.300000,11475.300000,11786.300000,8350360064
2018-01-29,11755.500000,11875.600000,11179.200000,11296.400000,7107359744
2018-01-30,11306.800000,11307.200000,10036.200000,10106.300000,8637859840
2018-01-31,10108.200000,10381.600000,9777.420000,10221.100000,8041160192
2018-02-01,10237.300000,10288.800000,8812.280000,9170.540000,9959400448
2018-02-02,9142.280000,9142.280000,7796.490000,8830.750000,12726899712
2018-02-03,8852.120000,9430.750000,8251.630000,9174.910000,7263790080
2018-02-04,9175.700000,9334.870000,8031.220000,8277.010000,7073549824
2018-02-05,8270.540000,8364.840000,6756.680000,6955.270000,9285289984
2018-02-06,7051.750000,7850.700000,6048.260000,7754.000000,13999800320
2018-02-07,7755.490000,8509.110000,7236.790000,7621.300000,9169280000
2018-02-08,7637.860000,8558.770000,7637.860000,8265.590000,9346750464
2018-02-09,8271.840000,8736.980000,7884.710000,8736.980000,6784820224
2018-02-10,8720.080000,9122.550000,8295.470000,8621.900000,7780960256
2018-02-11,8616.130000,8616.130000,7931.100000,8129.970000,6122189824
2018-02-12,8141.430000,8985.920000,8141.430000,8926.570000,6256439808
2018-02-13,8926.720000,8958.470000,8455.410000,8598.310000,5696719872
2018-02-14,8599.920000,9518.540000,8599.920000,9494.630000,7909819904
2018-02-15,9488.320000,10234.800000,9395.580000,10166.400000,9062540288
2018-02-16,10135.700000,10324.100000,9824.820000,10233.900000,7296159744
2018-02-17,10207.500000,11139.500000,10149.400000,11112.700000,8660880384
2018-02-18,11123.400000,11349.800000,10326.000000,10551.800000,8744009728
2018-02-19,10552.600000,11273.800000,10513.200000,11225.300000,7652089856
2018-02-20,11231.800000,11958.500000,11231.800000,11403.700000,9926540288
2018-02-21,11372.200000,11418.500000,10479.100000,10690.400000,9405339648
2018-02-22,10660.400000,11039.100000,9939.090000,10005.000000,8040079872
2018-02-23,9937.070000,10487.300000,9734.560000,10301.100000,7739500032
2018-02-24,10287.700000,10597.200000,9546.970000,9813.070000,6917929984
2018-02-25,9796.420000,9923.220000,9407.060000,9664.730000,5706939904
2018-02-26,9669.430000,10475.000000,9501.730000,10366.700000,7287690240
2018-02-27,10393.900000,10878.500000,10246.100000,10725.600000,6966179840
2018-02-28,10687.200000,11089.800000,10393.100000,10397.900000,6936189952
2018-03-01,10385.000000,11052.300000,10352.700000,10951.000000,7317279744
2018-03-02,10977.400000,11189.000000,10850.100000,11086.400000,7620590080
2018-03-03,11101.900000,11528.200000,11002.400000,11489.700000,6690570240
2018-03-04,11497.400000,11512.600000,11136.100000,11512.600000,6084149760
2018-03-05,11532.400000,11704.100000,11443.900000,11573.300000,6468539904
2018-03-06,11500.100000,11500.100000,10694.300000,10779.900000,6832169984
2018-03-07,10803.900000,10929.500000,9692.120000,9965.570000,8797910016
2018-03-08,9951.440000,10147.400000,9335.870000,9395.010000,7186089984
2018-03-09,9414.690000,9466.350000,8513.030000,9337.550000,8704190464
2018-03-10,9350.590000,9531.320000,8828.470000,8866.000000,5386319872
2018-03-11,8852.780000,9711.890000,8607.120000,9578.630000,6296370176
2018-03-12,9602.930000,9937.500000,8956.430000,9205.120000,6457399808
2018-03-13,9173.040000,9470.380000,8958.190000,9194.850000,5991139840
2018-03-14,9214.650000,9355.850000,8068.590000,8269.810000,6438230016
2018-03-15,8290.760000,8428.350000,7783.050000,8300.860000,6834429952
2018-03-16,8322.910000,8585.150000,8005.310000,8338.350000,5289379840
2018-03-17,8321.910000,8346.530000,7812.820000,7916.880000,4426149888
2018-03-18,7890.520000,8245.510000,7397.990000,8223.680000,6639190016
2018-03-19,8344.120000,8675.870000,8182.400000,8630.650000,6729110016
2018-03-20,8619.670000,9051.020000,8389.890000,8913.470000,6361789952
2018-03-21,8937.480000,9177.370000,8846.330000,8929.280000,6043129856
2018-03-22,8939.440000,9100.710000,8564.900000,8728.470000,5530390016
2018-03-23,8736.250000,8879.620000,8360.620000,8879.620000,5954120192
2018-03-24,8901.950000,8996.180000,8665.700000,8668.120000,5664600064
2018-03-25,8612.810000,8682.010000,8449.100000,8495.780000,4569880064
2018-03-26,8498.470000,8530.080000,7921.430000,8209.400000,5921039872
2018-03-27,8200.000000,8232.780000,7797.280000,7833.040000,5378250240
2018-03-28,7836.830000,8122.890000,7809.170000,7954.480000,4935289856
2018-03-29,7979.070000,7994.330000,7081.380000,7165.700000,6361229824
2018-03-30,7171.450000,7276.660000,6683.930000,6890.520000,6289509888
2018-03-31,6892.480000,7207.850000,6863.520000,6973.530000,4553269760
2018-04-01,7003.060000,7060.950000,6526.870000,6844.230000,4532100096
2018-04-02,6844.860000,7135.470000,6816.580000,7083.800000,4333440000
2018-04-03,7102.260000,7530.940000,7072.490000,7456.110000,5499700224
2018-04-04,7456.410000,7469.880000,6803.880000,6853.840000,4936000000
2018-04-05,6848.650000,6933.820000,6644.800000,6811.470000,5639320064
2018-04-06,6815.960000,6857.490000,6575.000000,6636.320000,3766810112
2018-04-07,6630.510000,7050.540000,6630.510000,6911.090000,3976610048
2018-04-08,6919.980000,7111.560000,6919.980000,7023.520000,3652499968
2018-04-09,7044.320000,7178.110000,6661.990000,6770.730000,4894060032
2018-04-10,6795.440000,6872.410000,6704.150000,6834.760000,4272750080
2018-04-11,6843.470000,6968.320000,6817.590000,6968.320000,4641889792
2018-04-12,6955.380000,7899.230000,6806.510000,7889.250000,8906250240
2018-04-13,7901.090000,8183.960000,7758.930000,7895.960000,7764460032
2018-04-14,7874.670000,8140.710000,7846.000000,7986.240000,5191430144
2018-04-15,7999.330000,8338.420000,7999.330000,8329.110000,5244480000
2018-04-16,8337.570000,8371.150000,7925.730000,8058.670000,5631309824
2018-04-17,8071.660000,8285.960000,7881.720000,7902.090000,6900879872
2018-04-18,7944.430000,8197.800000,7886.010000,8163.420000,6529909760
2018-04-19,8159.270000,8298.690000,8138.780000,8294.310000,7063209984
2018-04-20,8286.880000,8880.230000,8244.540000,8845.830000,8438110208
2018-04-21,8848.790000,8997.570000,8652.150000,8895.580000,7548550144
2018-04-22,8925.060000,9001.640000,8779.610000,8802.460000,6629899776
2018-04-23,8794.390000,8958.550000,8788.810000,8930.880000,6925190144
2018-04-24,8934.340000,9732.610000,8927.830000,9697.500000,10678800384
2018-04-25,9701.030000,9745.320000,8799.840000,8845.740000,11083100160
2018-04-26,8867.320000,9281.510000,8727.090000,9281.510000,8970559488
2018-04-27,9290.630000,9375.470000,8987.050000,8987.050000,7566289920
2018-04-28,8939.270000,9412.090000,8931.990000,9348.480000,7805479936
2018-04-29,9346.410000,9531.490000,9193.710000,9419.080000,8853000192
2018-04-30,9426.110000,9477.140000,9166.810000,9240.550000,8673920000
2018-05-01,9251.470000,9255.880000,8891.050000,9119.010000,7713019904
2018-05-02,9104.600000,9256.520000,9015.140000,9235.920000,7558159872
2018-05-03,9233.970000,9798.330000,9188.150000,9743.860000,10207299584
2018-05-04,9695.500000,9779.200000,9585.960000,9700.760000,8217829888
2018-05-05,9700.280000,9964.500000,9695.120000,9858.150000,7651939840
2018-05-06,9845.310000,9940.140000,9465.250000,9654.800000,7222280192
2018-05-07,9645.670000,9665.850000,9231.530000,9373.010000,7394019840
2018-05-08,9380.870000,9462.750000,9127.770000,9234.820000,7415869952
2018-05-09,9223.730000,9374.760000,9031.620000,9325.180000,7226890240
2018-05-10,9325.960000,9396.040000,9040.520000,9043.940000,6906699776
2018-05-11,9052.960000,9052.960000,8394.460000,8441.490000,8488520192
2018-05-12,8441.440000,8664.860000,8223.500000,8504.890000,6821380096
2018-05-13,8515.490000,8773.550000,8395.120000,8723.940000,5866379776
2018-05-14,8713.100000,8881.120000,8367.970000,8716.790000,7364149760
2018-05-15,8705.190000,8836.190000,8456.450000,8510.380000,6705710080
2018-05-16,8504.410000,8508.430000,8175.490000,8368.830000,6760220160
2018-05-17,8370.050000,8445.540000,8054.120000,8094.320000,5862530048
2018-05-18,8091.830000,8274.120000,7974.820000,8250.970000,5764190208
2018-05-19,8255.730000,8372.060000,8183.350000,8247.180000,4712399872
2018-05-20,8246.990000,8562.410000,8205.240000,8513.250000,5191059968
2018-05-21,8522.330000,8557.520000,8365.120000,8418.990000,5154990080
2018-05-22,8419.870000,8423.250000,8004.580000,8041.780000,5137010176
2018-05-23,8037.080000,8054.660000,7507.880000,7557.820000,6491120128
2018-05-24,7561.120000,7738.600000,7331.140000,7587.340000,6049220096
2018-05-25,7592.300000,7659.140000,7392.650000,7480.140000,4867829760
2018-05-26,7486.480000,7595.160000,7349.120000,7355.880000,4051539968
2018-05-27,7362.080000,7381.740000,7270.960000,7368.220000,4056519936
2018-05-28,7371.310000,7419.050000,7100.890000,7135.990000,5040600064
2018-05-29,7129.460000,7526.420000,7090.680000,7472.590000,5662660096
2018-05-30,7469.730000,7573.770000,7313.600000,7406.520000,4922540032
2018-05-31,7406.150000,7608.900000,7361.130000,7494.170000,5127130112
2018-06-01,7500.700000,7604.730000,7407.340000,7541.450000,4921460224
2018-06-02,7536.720000,7695.830000,7497.260000,7643.450000,4939299840
2018-06-03,7632.090000,7754.890000,7613.040000,7720.250000,4851760128
2018-06-04,7722.530000,7753.820000,7474.040000,7514.470000,4993169920
2018-06-05,7500.900000,7643.230000,7397.000000,7633.760000,4961739776
2018-06-06,7625.970000,7680.430000,7502.010000,7653.980000,4692259840
2018-06-07,7650.820000,7741.270000,7650.820000,7678.240000,4485799936
2018-06-08,7685.140000,7698.190000,7558.400000,7624.920000,4227579904
2018-06-09,7632.520000,7683.580000,7531.980000,7531.980000,3845220096
2018-06-10,7499.550000,7499.550000,6709.070000,6786.020000,5804839936
2018-06-11,6799.290000,6910.180000,6706.630000,6906.920000,4745269760
2018-06-12,6905.820000,6907.960000,6542.080000,6582.360000,4654380032
2018-06-13,6596.880000,6631.660000,6285.630000,6349.900000,5052349952
2018-06-14,6342.750000,6707.140000,6334.460000,6675.350000,5138710016
2018-06-15,6674.080000,6681.080000,6433.870000,6456.580000,3955389952
2018-06-16,6455.450000,6592.490000,6402.290000,6550.160000,3194170112
2018-06-17,6545.530000,6589.110000,6499.270000,6499.270000,3104019968
2018-06-18,6510.070000,6781.140000,6446.680000,6734.820000,4039200000
2018-06-19,6742.390000,6822.500000,6709.920000,6769.940000,4057029888
2018-06-20,6770.760000,6821.560000,6611.880000,6776.550000,3888640000
2018-06-21,6780.090000,6810.940000,6715.170000,6729.740000,3529129984
2018-06-22,6737.880000,6747.080000,6006.600000,6083.690000,5079810048
2018-06-23,6090.100000,6224.820000,6071.810000,6162.480000,3431360000
2018-06-24,6164.280000,6223.780000,5826.410000,6173.230000,4566909952
2018-06-25,6171.970000,6327.370000,6119.680000,6249.180000,5500810240
2018-06-26,6253.550000,6290.160000,6093.670000,6093.670000,3279759872
2018-06-27,6084.400000,6180.000000,6052.850000,6157.130000,3296219904
2018-06-28,6153.160000,6170.410000,5873.050000,5903.440000,3467800064
2018-06-29,5898.130000,6261.660000,5835.750000,6218.300000,3966230016
2018-06-30,6214.220000,6465.510000,6214.220000,6404.000000,4543860224
2018-07-01,6411.680000,6432.850000,6289.290000,6385.820000,4788259840
2018-07-02,6380.380000,6683.860000,6305.700000,6614.180000,4396930048
2018-07-03,6596.660000,6671.370000,6447.750000,6529.590000,4672309760
2018-07-04,6550.870000,6771.920000,6450.460000,6597.550000,4176689920
2018-07-05,6599.710000,6749.540000,6546.650000,6639.140000,4999240192
2018-07-06,6638.690000,6700.940000,6533.550000,6673.500000,4313959936
2018-07-07,6668.710000,6863.990000,6579.240000,6856.930000,3961080064
2018-07-08,6857.800000,6885.910000,6747.980000,6773.880000,3386210048
2018-07-09,6775.080000,6838.680000,6724.340000,6741.750000,3718129920
2018-07-10,6739.210000,6767.740000,6320.720000,6329.950000,4052430080
2018-07-11,6330.770000,6444.960000,6330.470000,6394.710000,3644859904
2018-07-12,6396.780000,6397.100000,6136.420000,6228.810000,3770170112
2018-07-13,6235.030000,6310.550000,6192.240000,6238.050000,3805400064
2018-07-14,6247.500000,6298.190000,6212.220000,6276.120000,2923670016
2018-07-15,6272.700000,6403.460000,6256.510000,6359.640000,3285459968
2018-07-16,6357.010000,6741.750000,6357.010000,6741.750000,4725799936
2018-07-17,6739.650000,7387.240000,6684.170000,7321.040000,5961950208
2018-07-18,7315.320000,7534.990000,7280.470000,7370.780000,6103410176
2018-07-19,7378.200000,7494.460000,7295.460000,7466.860000,5111629824
2018-07-20,7467.400000,7594.670000,7323.260000,7354.130000,4936869888
2018-07-21,7352.720000,7437.640000,7262.410000,7419.290000,3726609920
2018-07-22,7417.800000,7537.950000,7383.820000,7418.490000,3695460096
2018-07-23,7414.710000,7771.500000,7409.100000,7711.110000,5132480000
2018-07-24,7716.510000,8424.270000,7705.500000,8424.270000,7277689856
2018-07-25,8379.660000,8416.870000,8086.360000,8181.390000,5845400064
2018-07-26,8176.850000,8290.330000,7878.710000,7951.580000,4899089920
2018-07-27,7950.400000,8262.660000,7839.760000,8165.010000,5195879936
2018-07-28,8169.060000,8222.850000,8110.770000,8192.150000,3988750080
2018-07-29,8205.820000,8272.260000,8141.180000,8218.460000,4107190016
2018-07-30,8221.580000,8235.500000,7917.500000,8180.480000,5551400000
2018-07-31,8181.200000,8181.530000,7696.930000,7780.440000,5287530000
2018-08-01,7769.040000,7769.040000,7504.950000,7624.910000,4797620000
2018-08-02,7634.190000,7712.770000,7523.440000,7567.150000,4214110000
2018-08-03,7562.140000,7562.140000,7328.650000,7434.390000,4627150000
2018-08-04,7438.670000,7497.490000,6984.070000,7032.850000,4268390000
2018-08-05,7031.080000,7102.770000,6940.700000,7068.480000,3679110000
2018-08-06,7062.940000,7166.550000,6890.540000,6951.800000,3925900000
2018-08-07,6958.320000,7146.560000,6748.240000,6753.120000,4682800000
2018-08-08,6746.850000,6746.850000,6226.220000,6305.800000,5064430000
2018-08-09,6305.560000,6625.730000,6249.070000,6568.230000,4267040000
2018-08-10,6571.420000,6591.260000,6124.520000,6184.710000,4528680000
2018-08-11,6185.790000,6455.740000,6109.030000,6295.730000,4047850000
2018-08-12,6283.650000,6409.850000,6237.500000,6322.690000,5665250000
2018-08-13,6341.360000,6537.050000,6225.720000,6297.570000,4083980000
2018-08-14,6287.660000,6287.940000,5971.050000,6199.710000,5301700000
2018-08-15,6221.420000,6588.490000,6221.420000,6308.520000,4895450000
2018-08-16,6294.230000,6473.500000,6276.410000,6334.730000,4328420000
2018-08-17,6340.910000,6582.500000,6324.970000,6580.630000,4992990000
2018-08-18,6583.430000,6617.350000,6353.730000,6423.760000,3984520000
2018-08-19,6422.570000,6537.980000,6361.550000,6506.070000,3311170000
2018-08-20,6500.510000,6536.920000,6297.930000,6308.530000,3665100000
2018-08-21,6301.070000,6500.870000,6298.240000,6488.760000,3377180000
2018-08-22,6486.250000,6816.790000,6310.110000,6376.710000,4668110000
2018-08-23,6371.340000,6546.540000,6371.340000,6534.880000,3426180000
2018-08-24,6551.520000,6719.960000,6498.640000,6719.960000,4097820000
2018-08-25,6719.950000,6789.630000,6700.960000,6763.190000,3312600000
2018-08-26,6754.640000,6774.750000,6620.750000,6707.260000,3295500000
2018-08-27,6710.800000,6884.640000,6689.710000,6884.640000,4019000000
2018-08-28,6891.080000,7109.560000,6882.340000,7096.280000,4659940000
2018-08-29,7091.710000,7113.300000,6970.820000,7047.160000,4145880000
2018-08-30,7043.760000,7072.690000,6834.690000,6978.230000,4463250000
2018-08-31,6973.970000,7057.170000,6920.160000,7037.580000,4495650000
2018-09-01,7044.810000,7242.290000,7038.050000,7193.250000,4116050000
